firstname,lastname,datetime,email,gender,street
,,,,,
Kinnie,Capini,3/4/2020,kcapini1@jigsy.com,Bigender,97655 Eastwood Crossing
Carver,Treppas,9/18/2020,ctreppas2@hao123.com,Polygender,158 Village Drive
Gail,Hovenden,10/9/2020,ghovenden3@is.gd,Male,7560 Melby Lane
Leroi,Whitfeld,7/30/2020,lwhitfeld4@istockphoto.com,Bigender,3885 Hazelcrest Pass
Igor,Safhill,2/29/2020,isafhill5@yellowbook.com,Genderqueer,16 Moland Avenue
,,,,,
Ernest,Dorgan,5/2/2020,edorgan7@xing.com,Genderqueer,91178 Trailsway Junction
Iosep,Jenken,1/24/2021,ijenken8@acquirethisname.com,Agender,1 Sloan Street
Read,Bargh,10/23/2020,rbargh9@huffingtonpost.com,Polygender,6591 Oriole Point
Andreana,Davydzenko,11/29/2020,adavydzenkoa@pagesperso-orange.fr,Non-binary,031 Dunning Park
Carlynn,Sherrett,12/28/2020,csherrettb@google.com,Agender,165 Marquette Road
Doralia,Elkin,10/22/2020,delkinc@simplemachines.org,Polygender,4762 Briar Crest Place
Esta,Corlett,7/15/2020,ecorlettd@1688.com,Polygender,04 Acker Trail
Corabel,Pitherick,5/8/2020,cpithericke@reference.com,Polygender,5712 Farwell Road
Yvette,Maulden,4/24/2020,ymauldenf@mashable.com,Female,04358 Continental Court
Woody,Soeiro,6/26/2020,wsoeirog@cornell.edu,Genderfluid,277 Mosinee Alley
Micky,Mallender,8/31/2020,mmallenderh@hatena.ne.jp,Bigender,8641 Dakota Street
Nerita,Blondel,7/11/2020,nblondeli@vkontakte.ru,Agender,4929 Crownhardt Junction
Licha,Isaaksohn,2/15/2020,lisaaksohnj@over-blog.com,Female,4 Browning Plaza
Ediva,Frill,1/29/2020,efrillk@stanford.edu,Female,17833 Chinook Center
Farlay,Vaud,12/2/2020,fvaudl@domainmarket.com,Female,0999 Anthes Street
Thibaud,Beltzner,4/30/2020,tbeltznerm@gizmodo.com,Non-binary,624 Oriole Court
Virgilio,Guise,10/6/2020,vguisen@bravesites.com,Genderqueer,06 1st Alley
Aurelea,Harbar,6/29/2020,aharbaro@instagram.com,Agender,337 Di Loreto Center
Francene,de Castelain,3/22/2020,fdecastelainp@google.com,Female,46 Londonderry Parkway
Lorens,Breese,6/14/2020,lbreeseq@multiply.com,Agender,3314 Loeprich Street
Bryana,Waleran,12/7/2020,bwaleranr@cocolog-nifty.com,Polygender,409 Roxbury Crossing
Christiana,Kinzel,4/2/2020,ckinzels@dyndns.org,Non-binary,0 Golden Leaf Point
Ferd,Kellert,12/29/2020,fkellertt@smh.com.au,Non-binary,82 Melvin Park
Parry,Vina,11/6/2020,pvinau@state.gov,Non-binary,200 Portage Junction
Toby,Varvell,5/9/2020,tvarvellv@phpbb.com,Polygender,46703 Hermina Pass
,,,,,
Barbie,McTrustey,5/25/2020,bmctrusteyx@eepurl.com,Genderqueer,70 Brown Way
,,,,,
Carolus,Durban,8/15/2020,cdurbanz@zimbio.com,Male,421 American Trail
Yevette,Rides,5/29/2020,yrides10@yahoo.co.jp,Agender,4316 Comanche Drive
Aubry,Sive,2/3/2020,asive11@webs.com,Female,40080 Brown Point
Sharity,Cushion,2/27/2020,scushion12@slate.com,Polygender,62661 Oxford Lane
Raddy,Levensky,10/13/2020,rlevensky13@tripadvisor.com,Female,537 Roth Way
Ulrica,Geratasch,7/13/2020,ugeratasch14@istockphoto.com,Genderqueer,7 Division Terrace
Jdavie,Crickmore,9/16/2020,jcrickmore15@wordpress.org,Polygender,61161 Atwood Hill
Addie,Dahle,7/20/2020,adahle16@vk.com,Non-binary,74 Northport Plaza
Mari,Rops,3/29/2020,mrops17@indiegogo.com,Polygender,43642 Welch Lane
Lenore,Santino,7/29/2020,lsantino18@histats.com,Genderqueer,05 Kipling Lane
Cleon,Able,1/4/2021,cable19@biblegateway.com,Non-binary,62614 Macpherson Terrace
Angele,Grant,7/23/2020,agrant1a@accuweather.com,Non-binary,577 Shelley Lane
Libbi,Bussen,12/15/2020,lbussen1b@blogs.com,Male,7 Autumn Leaf Center
Sherrie,Fairman,12/16/2020,sfairman1c@abc.net.au,Agender,13 Sunbrook Terrace
Felic,Glossup,10/6/2020,fglossup1d@columbia.edu,Bigender,7276 Dottie Pass
Allyson,Burchett,4/21/2020,aburchett1e@purevolume.com,Genderfluid,908 Ryan Alley
Alair,Colliford,3/27/2020,acolliford1f@reuters.com,Male,05157 Schiller Street
Chuck,Casellas,5/5/2020,ccasellas1g@ihg.com,Agender,277 Tony Alley
Abbey,Tibb,10/17/2020,atibb1h@com.com,Agender,7587 Ramsey Road
Obadiah,Rizzardini,12/29/2020,orizzardini1i@flickr.com,Male,38792 Twin Pines Pass
Phillis,Mattschas,12/2/2020,pmattschas1j@scribd.com,Bigender,01 Bartillon Hill
Sergeant,Grouer,3/13/2020,sgrouer1k@cdc.gov,Genderfluid,334 Norway Maple Circle
Kelwin,Lorie,9/18/2020,klorie1l@wired.com,Female,86258 Eastlawn Center
Devi,Carryer,2/19/2020,dcarryer1m@odnoklassniki.ru,Female,9993 Eastlawn Junction
,,,,,
Cecily,Prati,10/3/2020,cprati1o@mashable.com,Genderfluid,61 Sutherland Way
Terrell,Parlett,3/24/2020,tparlett1p@typepad.com,Female,8480 Northview Junction
Daryle,Fardo,12/13/2020,dfardo1q@behance.net,Polygender,435 Springs Hill
Anallise,Rawles,8/23/2020,arawles1r@uiuc.edu,Polygender,280 Crowley Center
Hayley,Dorsett,3/2/2020,hdorsett1s@examiner.com,Polygender,290 Johnson Place
Whitby,Northover,5/7/2020,wnorthover1t@economist.com,Bigender,01 Red Cloud Terrace
Ronica,Goodwyn,10/27/2020,rgoodwyn1u@fema.gov,Male,83910 Warner Drive
Perri,Vanlint,4/4/2020,pvanlint1v@histats.com,Non-binary,8010 West Parkway
Zerk,Kevis,2/12/2020,zkevis1w@quantcast.com,Agender,94596 Hovde Lane
Ailey,Fursland,7/4/2020,afursland1x@usatoday.com,Male,9396 Maple Court
Ciel,Castellaccio,9/23/2020,ccastellaccio1y@gnu.org,Genderqueer,8 Blue Bill Park Lane
Hadley,Januszewicz,10/10/2020,hjanuszewicz1z@unicef.org,Bigender,1 Toban Circle
,,,,,
Waylin,Athow,7/12/2020,wathow21@google.ca,Female,69 Graceland Center
Freeman,Normant,3/29/2020,fnormant22@mayoclinic.com,Polygender,35 Monica Park
Dreddy,Saintpierre,9/9/2020,dsaintpierre23@topsy.com,Bigender,26 Heffernan Way
Rayna,Saphir,7/18/2020,rsaphir24@chronoengine.com,Genderfluid,0997 Walton Hill
Elroy,How to preserve,4/11/2020,ehowtopreserve25@ucla.edu,Polygender,318 Redwing Place
Karie,Folomin,6/19/2020,kfolomin26@cnn.com,Male,23 Annamark Crossing
Ethelred,Hanniger,8/9/2020,ehanniger27@freewebs.com,Bigender,838 Buhler Road
Jesse,Axelbey,6/28/2020,jaxelbey28@mit.edu,Polygender,2726 Lotheville Avenue
Parsifal,Shepherdson,1/10/2021,pshepherdson29@symantec.com,Bigender,26 Reindahl Terrace
Isador,Wabe,12/11/2020,iwabe2a@ifeng.com,Non-binary,1 Merry Circle
Mandi,MacColl,1/18/2021,mmaccoll2b@aol.com,Agender,91 Bluejay Parkway
Veronika,Gabbatt,6/27/2020,vgabbatt2c@myspace.com,Polygender,45 Autumn Leaf Hill
Kleon,Uden,8/19/2020,kuden2d@macromedia.com,Genderqueer,67754 Canary Plaza
Venus,Losselyong,12/19/2020,vlosselyong2e@weebly.com,Male,191 Beilfuss Center
Temple,Gater,2/2/2020,tgater2f@ucoz.com,Genderfluid,41 Sutteridge Lane
Rufus,Grim,6/19/2020,rgrim2g@dedecms.com,Genderfluid,96 Merchant Alley
Roberto,Halleybone,2/14/2020,rhalleybone2h@cdbaby.com,Genderfluid,44643 Riverside Road
Maurene,Meredyth,3/16/2020,mmeredyth2i@dagondesign.com,Genderqueer,99536 Chive Hill
Carrissa,Titlow,1/27/2020,ctitlow2j@hp.com,Non-binary,19659 Mifflin Circle
Sibella,Ringrose,5/31/2020,sringrose2k@intel.com,Genderfluid,606 Tomscot Circle
Anna-maria,Buzza,5/30/2020,abuzza2l@ft.com,Genderqueer,9258 Arkansas Road
Aleta,Goracci,11/1/2020,agoracci2m@cloudflare.com,Agender,5 Prairieview Pass
Inge,MacDermot,10/2/2020,imacdermot2n@sakura.ne.jp,Genderfluid,18480 Carberry Junction
Victor,Gogin,2/1/2020,vgogin2o@bbc.co.uk,Polygender,344 Hauk Center
Freda,Pardon,11/9/2020,fpardon2p@123-reg.co.uk,Bigender,1 Sycamore Crossing
Julissa,Crippin,10/20/2020,jcrippin2q@opensource.org,Male,0712 Farragut Place
Niel,Mussolini,5/1/2020,nmussolini2r@yale.edu,Agender,82 Katie Plaza
Dewey,Melburg,2/6/2020,dmelburg2s@intel.com,Polygender,4 Hallows Way
Bord,Retallick,5/2/2020,bretallick2t@forbes.com,Male,56 Beilfuss Circle
,,,,,
Mick,Vannah,3/14/2020,mvannah2v@blogtalkradio.com,Agender,80 Mcbride Way
,,,,,
Hyacinth,Woller,2/8/2020,hwoller2x@jalbum.net,Polygender,93 Pearson Street
Ardene,Aves,9/1/2020,aaves2y@purevolume.com,Genderfluid,51 Armistice Place
Madonna,Costelloe,8/29/2020,mcostelloe2z@g.co,Non-binary,3185 Havey Hill
Hunt,Bever,5/18/2020,hbever30@dyndns.org,Genderqueer,24 Amoth Avenue
Haskell,Crampton,12/25/2020,hcrampton31@cnn.com,Genderfluid,6 Prairieview Lane
Maurice,Colleton,11/12/2020,mcolleton32@tripadvisor.com,Polygender,974 Maywood Place
Sherwynd,McCalister,6/7/2020,smccalister33@merriam-webster.com,Agender,076 Chinook Alley
Eveleen,Iskowitz,4/19/2020,eiskowitz34@so-net.ne.jp,Male,3 Eagan Lane
Constance,Kitney,6/24/2020,ckitney35@gizmodo.com,Non-binary,860 Coolidge Pass
Danell,Imlen,9/17/2020,dimlen36@bluehost.com,Genderqueer,562 Riverside Avenue
Marlena,Tullett,10/14/2020,mtullett37@ask.com,Female,1 Buell Plaza
Murielle,Reisin,7/12/2020,mreisin38@zdnet.com,Genderqueer,8 Linden Trail
Barney,Hattiff,12/21/2020,bhattiff39@prnewswire.com,Non-binary,125 Rieder Park
Merrill,Huddy,3/25/2020,mhuddy3a@msn.com,Non-binary,31 Kropf Street
Hy,Skelton,2/1/2020,hskelton3b@cyberchimps.com,Polygender,93758 Knutson Hill
Matthiew,Hannan,10/20/2020,mhannan3c@sohu.com,Female,6556 Northport Park
Emilie,Heinle,11/29/2020,eheinle3d@thetimes.co.uk,Polygender,5 Moose Park
Mead,Danton,5/10/2020,mdanton3e@reverbnation.com,Genderfluid,0293 Pine View Hill
Ilsa,Linkleter,6/7/2020,ilinkleter3f@google.es,Female,34667 2nd Junction
James,Sawtell,2/20/2020,jsawtell3g@cdbaby.com,Polygender,53118 Sachs Avenue
Granville,Pedlingham,8/14/2020,gpedlingham3h@mail.ru,Agender,556 Barnett Point
Mariska,Jardine,12/6/2020,mjardine3i@prlog.org,Genderfluid,153 Mendota Trail
Jamison,Alliott,4/29/2020,jalliott3j@wikia.com,Genderfluid,6999 Sundown Lane
Jami,Killik,10/31/2020,jkillik3k@nasa.gov,Genderqueer,28463 Swallow Road
Ron,Cumbes,8/28/2020,rcumbes3l@nytimes.com,Bigender,8 Fordem Parkway
Melodie,Ebi,8/16/2020,mebi3m@ezinearticles.com,Polygender,880 American Circle
Nanon,Readie,10/14/2020,nreadie3n@ow.ly,Genderqueer,15 Schurz Crossing
Deloria,Bramich,12/24/2020,dbramich3o@goo.ne.jp,Non-binary,2 Fuller Way
Lynsey,Inchbald,2/2/2020,linchbald3p@comsenz.com,Female,0 Cody Plaza
Bald,Piggford,2/17/2020,bpiggford3q@toplist.cz,Male,4 Parkside Pass
Chen,Kinforth,9/23/2020,ckinforth3r@wix.com,Female,5 Canary Parkway
Mara,McGowan,4/27/2020,mmcgowan3s@deliciousdays.com,Genderqueer,56430 Evergreen Place
Jud,Canavan,5/6/2020,jcanavan3t@xinhuanet.com,Bigender,61995 Forster Street
Davin,Krol,1/29/2020,dkrol3u@nature.com,Non-binary,61304 Sugar Court
Isiahi,Scroggins,5/16/2020,iscroggins3v@omniture.com,Female,94 Hermina Plaza
Zsazsa,Birkmyre,8/29/2020,zbirkmyre3w@google.ru,Genderfluid,1 Shoshone Road
Peri,Saffen,12/13/2020,psaffen3x@skype.com,Non-binary,766 Burning Wood Lane
Fenelia,Dingle,2/14/2020,fdingle3y@wired.com,Genderqueer,7144 American Ash Road
Antin,Blower,8/21/2020,ablower3z@vkontakte.ru,Female,9 Pennsylvania Park
Guinna,Smythe,8/1/2020,gsmythe40@ustream.tv,Female,54 Montana Hill
Neala,Redon,5/28/2020,nredon41@ask.com,Genderfluid,1 Lukken Terrace
,,,,,
Orion,Quenby,10/21/2020,oquenby43@ibm.com,Genderfluid,447 Vernon Drive
Oby,Mathiassen,6/23/2020,omathiassen44@scientificamerican.com,Non-binary,65961 Hintze Street
Herbie,Mouat,12/29/2020,hmouat45@netscape.com,Female,1087 Pepper Wood Alley
Star,Sidsaff,12/25/2020,ssidsaff46@rambler.ru,Agender,751 Acker Center
Gwenette,Cockrill,7/11/2020,gcockrill47@facebook.com,Genderfluid,3326 Orin Trail
Lothaire,Kennington,3/1/2020,lkennington48@sun.com,Female,06 Graedel Trail
Angelo,Duchateau,7/22/2020,aduchateau49@elegantthemes.com,Female,73 Westerfield Terrace
Robina,Pridgeon,1/20/2021,rpridgeon4a@deviantart.com,Female,204 Northview Court
Gibb,Boliver,8/2/2020,gboliver4b@theglobeandmail.com,Agender,1799 Sullivan Crossing
Tracey,Mallinson,2/7/2020,tmallinson4c@ehow.com,Bigender,9393 Longview Center
Darbie,McKintosh,4/17/2020,dmckintosh4d@vkontakte.ru,Male,8 Green Drive
Sisile,Mannagh,3/14/2020,smannagh4e@mapquest.com,Non-binary,52075 Debra Alley
Helen-elizabeth,Stead,10/19/2020,hstead4f@last.fm,Male,78 Vidon Crossing
Damon,Saladine,5/7/2020,dsaladine4g@ovh.net,Agender,97655 Loftsgordon Junction
Hildagard,Geely,1/2/2021,hgeely4h@aboutads.info,Genderqueer,2 Dovetail Terrace
Dorotea,Warkup,12/5/2020,dwarkup4i@dropbox.com,Genderfluid,6617 Troy Park
Ewan,Titchen,4/4/2020,etitchen4j@theatlantic.com,Male,18 Magdeline Lane
Florrie,Steggles,3/28/2020,fsteggles4k@clickbank.net,Genderqueer,0 Bashford Court
Vally,McGillivray,4/27/2020,vmcgillivray4l@t-online.de,Male,42093 Kropf Court
Vevay,Shackesby,11/26/2020,vshackesby4m@webmd.com,Female,26559 Eliot Avenue
Seumas,Apfler,8/21/2020,sapfler4n@google.es,Female,9376 Havey Plaza
Brok,Pershouse,8/27/2020,bpershouse4o@wix.com,Bigender,54 Pleasure Crossing
Uri,Postans,11/25/2020,upostans4p@g.co,Bigender,5660 Lake View Pass
Boony,McVitty,1/4/2021,bmcvitty4q@webs.com,Genderfluid,3439 Dexter Circle
Payton,Van de Castele,3/30/2020,pvandecastele4r@washington.edu,Male,996 Ilene Hill
Violette,Grocott,7/30/2020,vgrocott4s@blogtalkradio.com,Genderfluid,25 Mallard Way
Anatola,Daddow,2/19/2020,adaddow4t@amazon.de,Male,20260 Gateway Trail
Rourke,McCaster,11/9/2020,rmccaster4u@hc360.com,Genderqueer,2 Sutherland Pass
Candida,Pirolini,7/31/2020,cpirolini4v@spotify.com,Genderqueer,5887 Maywood Center
Sophie,Weldon,4/13/2020,sweldon4w@irs.gov,Non-binary,4 Monument Lane
Brita,Carrigan,11/15/2020,bcarrigan4x@tuttocitta.it,Agender,5 Hansons Pass
Elaina,Gillow,11/28/2020,egillow4y@netvibes.com,Genderqueer,768 Summit Center
Randolf,Leighton,7/31/2020,rleighton4z@nytimes.com,Agender,85 Warbler Trail
Kristofor,Fraschetti,2/25/2020,kfraschetti50@pcworld.com,Agender,28 Drewry Center
Crystal,Janes,10/18/2020,cjanes51@buzzfeed.com,Polygender,4 Transport Park
Mariejeanne,Godspede,11/21/2020,mgodspede52@eventbrite.com,Non-binary,3682 Havey Circle
Fleming,Pennells,10/7/2020,fpennells53@forbes.com,Polygender,7446 Kings Alley
,,,,,
Rustie,Bigg,10/11/2020,rbigg55@phpbb.com,Female,7224 Memorial Pass
Raphaela,Crain,8/19/2020,rcrain56@bloglovin.com,Polygender,5835 David Crossing
Delia,Molan,10/6/2020,dmolan57@xinhuanet.com,Female,24 Little Fleur Way
Shannon,Dallemore,1/10/2021,sdallemore58@kickstarter.com,Polygender,5 Browning Place
Wayne,Tregien,9/9/2020,wtregien59@answers.com,Agender,91195 Fairfield Drive
Juli,McCague,11/19/2020,jmccague5a@weather.com,Genderfluid,59368 Susan Alley
Dougie,Prosch,1/21/2021,dprosch5b@disqus.com,Genderfluid,9 Coleman Way
Deeann,Wingfield,6/4/2020,dwingfield5c@etsy.com,Agender,36329 Heffernan Terrace
Alexis,Chadwin,8/15/2020,achadwin5d@cnet.com,Female,9414 Forest Run Street
,,,,,
Eloise,Jarrel,3/17/2020,ejarrel5f@auda.org.au,Polygender,072 Talmadge Trail
Willamina,Sickamore,3/12/2020,wsickamore5g@irs.gov,Bigender,76 Merchant Avenue
Zaria,Greenhaugh,1/1/2021,zgreenhaugh5h@ihg.com,Non-binary,6990 Eliot Park
Zenia,Hunnisett,10/16/2020,zhunnisett5i@1688.com,Agender,5 Nancy Hill
Eva,Brookbank,11/15/2020,ebrookbank5j@disqus.com,Agender,5725 La Follette Street
Elvina,Feaviour,9/20/2020,efeaviour5k@newsvine.com,Male,73 Heath Street
Leila,Exon,3/2/2020,lexon5l@instagram.com,Bigender,859 North Way
Dorisa,Matthius,7/5/2020,dmatthius5m@who.int,Female,94 Spenser Drive
Candace,Leighton,2/17/2020,cleighton5n@plala.or.jp,Polygender,30600 Del Mar Drive
Lynnett,Tumielli,3/22/2020,ltumielli5o@surveymonkey.com,Bigender,211 Scofield Circle
Ophelia,Kidgell,2/16/2020,okidgell5p@altervista.org,Male,58146 Mosinee Way
Robena,Kasher,7/29/2020,rkasher5q@ameblo.jp,Female,6 Lukken Circle
Eachelle,Smedley,8/11/2020,esmedley5r@123-reg.co.uk,Genderfluid,434 Pond Court
Peria,Marczyk,12/27/2020,pmarczyk5s@xing.com,Agender,1 Becker Trail
Harriot,Idill,9/26/2020,hidill5t@fotki.com,Bigender,126 Clove Center
Say,Delea,7/19/2020,sdelea5u@berkeley.edu,Genderfluid,97 Lunder Circle
Stacy,Ourtic,6/15/2020,sourtic5v@networksolutions.com,Genderqueer,882 Butterfield Lane
Eden,Fominov,2/28/2020,efominov5w@bandcamp.com,Non-binary,09658 Ridgeway Lane
Corrianne,Webling,3/27/2020,cwebling5x@cbc.ca,Agender,6263 Golf View Pass
Hagan,Kingcote,7/30/2020,hkingcote5y@cyberchimps.com,Female,16 International Crossing
Hillery,Daout,7/1/2020,hdaout5z@discovery.com,Non-binary,87712 Old Shore Lane
Issy,Watman,6/21/2020,iwatman60@amazon.com,Bigender,2292 Prairieview Center
Jobyna,Kunze,12/18/2020,jkunze61@wordpress.com,Male,5 Thackeray Terrace
Hayyim,Lackie,5/11/2020,hlackie62@nhs.uk,Non-binary,18 Milwaukee Terrace
Melony,Coate,12/12/2020,mcoate63@bandcamp.com,Polygender,877 Badeau Road
Jonah,Corse,11/17/2020,jcorse64@reverbnation.com,Female,6254 Fulton Place
Duane,Yude,8/29/2020,dyude65@dion.ne.jp,Male,43 Lukken Terrace
Francisca,Wetherhead,1/22/2021,fwetherhead66@abc.net.au,Female,109 Coolidge Avenue
Lorant,Johnston,7/10/2020,ljohnston67@berkeley.edu,Genderfluid,21270 Morrow Lane
Brent,Martschik,1/20/2021,bmartschik68@apache.org,Genderfluid,15 Mifflin Drive
Caroljean,De Maria,7/14/2020,cdemaria69@123-reg.co.uk,Non-binary,1445 Cody Court
Jennie,Tenaunt,2/2/2020,jtenaunt6a@soundcloud.com,Agender,83627 Fremont Hill
Arleta,Harteley,9/1/2020,aharteley6b@edublogs.org,Female,8756 Forest Avenue
Barb,Filinkov,12/11/2020,bfilinkov6c@admin.ch,Non-binary,765 Myrtle Road
,,,,,
Jessee,Paiton,4/1/2020,jpaiton6e@freewebs.com,Non-binary,18715 Ilene Point
Benjy,Condit,9/25/2020,bcondit6f@odnoklassniki.ru,Bigender,3 Becker Court
Anastassia,Rosle,4/22/2020,arosle6g@usnews.com,Genderqueer,3375 Crownhardt Parkway
Christean,Haddrill,2/24/2020,chaddrill6h@abc.net.au,Polygender,1904 Stephen Parkway
Burch,Nardi,1/19/2021,bnardi6i@studiopress.com,Female,77475 Reinke Junction
Janaye,Boays,11/6/2020,jboays6j@wufoo.com,Polygender,8 Sutherland Lane
Kristi,Gallardo,3/1/2020,kgallardo6k@trellian.com,Non-binary,860 Maryland Pass
,,,,,
Trix,Keller,10/28/2020,tkeller6m@illinois.edu,Genderfluid,4 Mcguire Court
Eloise,Baigrie,6/29/2020,ebaigrie6n@wiley.com,Female,3934 Talmadge Junction
Nanette,Pele,9/16/2020,npele6o@geocities.com,Non-binary,51613 Kings Street
Fred,Craine,10/13/2020,fcraine6p@buzzfeed.com,Agender,963 Bobwhite Junction
Carolann,Petruk,8/4/2020,cpetruk6q@mapquest.com,Male,2 Talmadge Pass
Hobie,Faulo,3/23/2020,hfaulo6r@rambler.ru,Bigender,631 Lake View Place
,,,,,
Debra,Christoffels,5/28/2020,dchristoffels6t@123-reg.co.uk,Bigender,21910 Rowland Road
Hayden,Chieze,7/27/2020,hchieze6u@bloomberg.com,Agender,6674 Sullivan Crossing
Jamaal,McGirr,10/16/2020,jmcgirr6v@pbs.org,Female,3984 Becker Parkway
Kristina,Emmison,7/26/2020,kemmison6w@ustream.tv,Male,88826 Namekagon Circle
Hermia,Lacroux,7/20/2020,hlacroux6x@sfgate.com,Genderqueer,451 Artisan Plaza
Leupold,Gibbett,11/4/2020,lgibbett6y@nsw.gov.au,Genderfluid,54 Merchant Avenue
Emmalynn,Mordin,4/1/2020,emordin6z@barnesandnoble.com,Polygender,39465 Northfield Point
,,,,,
Georgette,Corbyn,6/3/2020,gcorbyn71@infoseek.co.jp,Polygender,96032 Continental Terrace
Grethel,Punton,4/12/2020,gpunton72@surveymonkey.com,Genderqueer,757 Reinke Drive
Lacie,Morewood,9/23/2020,lmorewood73@moonfruit.com,Male,5 Paget Parkway
Hailey,Conrard,7/5/2020,hconrard74@dion.ne.jp,Non-binary,00 Dahle Terrace
,,,,,
Cristy,Sams,4/8/2020,csams76@canalblog.com,Polygender,319 Warner Circle
Merissa,Hawthorn,3/13/2020,mhawthorn77@mozilla.org,Genderfluid,809 Farmco Avenue
Edwin,Frisby,4/4/2020,efrisby78@arstechnica.com,Genderqueer,59135 Hagan Crossing
Ferdinande,Dike,6/26/2020,fdike79@wufoo.com,Agender,4 Northport Hill
Eleonora,Menego,5/14/2020,emenego7a@fastcompany.com,Bigender,115 Mifflin Plaza
Abraham,Hartnup,7/9/2020,ahartnup7b@tripadvisor.com,Male,5234 Summer Ridge Avenue
Shelly,Tolchar,4/27/2020,stolchar7c@hexun.com,Polygender,04653 Anderson Trail
Carmine,Lashley,8/9/2020,clashley7d@google.com,Male,7460 Debra Junction
Galina,Carden,11/23/2020,gcarden7e@bloomberg.com,Female,3289 Thompson Plaza
Adelaida,Pittet,1/11/2021,apittet7f@examiner.com,Female,9 Monica Center
Barbaraanne,Bradberry,7/1/2020,bbradberry7g@uiuc.edu,Polygender,8444 Fairfield Alley
Kellen,Ribou,11/28/2020,kribou7h@1und1.de,Genderqueer,90327 Delladonna Place
Dunstan,Dubery,5/19/2020,ddubery7i@amazon.co.jp,Male,94758 Shoshone Street
Maribeth,Schulze,2/25/2020,mschulze7j@symantec.com,Polygender,66871 1st Crossing
Sigismundo,Diemer,3/2/2020,sdiemer7k@answers.com,Bigender,844 Melrose Way
Ginnie,Griffe,5/3/2020,ggriffe7l@senate.gov,Genderfluid,27 Acker Place
Alard,Comettoi,3/4/2020,acomettoi7m@sphinn.com,Agender,0 Maryland Park
Rhianon,Crus,8/13/2020,rcrus7n@1688.com,Non-binary,61 Westport Avenue
Dagmar,Pietruszka,3/25/2020,dpietruszka7o@boston.com,Non-binary,17 Hayes Place
Bailey,Wellan,4/6/2020,bwellan7p@blogs.com,Female,3428 Roxbury Crossing
Link,Wagstaffe,1/21/2021,lwagstaffe7q@cocolog-nifty.com,Agender,914 Lakeland Parkway
Hyacinthie,Coldridge,7/10/2020,hcoldridge7r@alibaba.com,Genderfluid,02193 Loomis Street
Ailbert,Bunny,8/25/2020,abunny7s@artisteer.com,Agender,47728 Weeping Birch Plaza
Betta,Moreland,10/24/2020,bmoreland7t@illinois.edu,Genderqueer,555 Bayside Crossing
Arlette,Tattam,9/1/2020,atattam7u@sohu.com,Polygender,13086 Texas Circle
Raff,Tregenza,7/27/2020,rtregenza7v@edublogs.org,Genderfluid,88 Mayer Center
Zsazsa,Brekonridge,7/10/2020,zbrekonridge7w@marriott.com,Female,116 Fisk Terrace
,,,,,
Grange,Champneys,9/19/2020,gchampneys7y@boston.com,Polygender,848 Bashford Parkway
Shea,Marioneau,11/25/2020,smarioneau7z@storify.com,Bigender,8 Melby Park
Sheridan,Maxweell,2/18/2020,smaxweell80@twitpic.com,Male,051 Marcy Court
Teodorico,Mattiato,11/22/2020,tmattiato81@gmpg.org,Bigender,038 Briar Crest Pass
Candy,Brosi,12/30/2020,cbrosi82@berkeley.edu,Female,0894 Granby Park
Lura,Wetton,10/31/2020,lwetton83@quantcast.com,Bigender,3691 Waywood Drive
Lin,Olivet,10/22/2020,lolivet84@instagram.com,Female,96 Manufacturers Center
Terri,Belcham,9/22/2020,tbelcham85@altervista.org,Non-binary,8 Forest Park
Wynn,Bromont,12/4/2020,wbromont86@digg.com,Non-binary,9241 Kedzie Trail
Kienan,Beinke,3/24/2020,kbeinke87@prlog.org,Non-binary,875 Laurel Lane
Gabie,Wastell,4/20/2020,gwastell88@unblog.fr,Genderqueer,871 Lyons Alley
Cathi,Zavattieri,1/17/2021,czavattieri89@behance.net,Male,049 Badeau Trail
Cassie,Stowe,7/1/2020,cstowe8a@clickbank.net,Genderqueer,1739 Mandrake Terrace
Brew,Chatin,4/20/2020,bchatin8b@weather.com,Bigender,97 Lotheville Plaza
Minor,Colliard,2/14/2020,mcolliard8c@irs.gov,Polygender,571 Onsgard Terrace
Sasha,Yerrell,1/31/2020,syerrell8d@gmpg.org,Genderqueer,3 Cascade Trail
Kellen,Rowdell,10/8/2020,krowdell8e@purevolume.com,Genderfluid,8363 Carberry Pass
Harlen,Glauber,12/25/2020,hglauber8f@edublogs.org,Female,23845 Arrowood Circle
Mella,Tootell,8/13/2020,mtootell8g@theatlantic.com,Genderqueer,7774 Victoria Crossing
Billye,Bamlett,3/8/2020,bbamlett8h@patch.com,Female,4 Clemons Drive
Nissa,Pease,5/18/2020,npease8i@free.fr,Bigender,4 Russell Parkway
Caryl,Cosens,3/15/2020,ccosens8j@flickr.com,Polygender,510 Old Shore Drive
Theodore,Vitler,3/19/2020,tvitler8k@slashdot.org,Non-binary,4 Gale Street
Kellen,Brundale,8/31/2020,kbrundale8l@ucoz.com,Female,3463 Golf Course Terrace
,,,,,
Irita,Ramberg,3/13/2020,iramberg8n@blogs.com,Bigender,09014 Lake View Place
Patrizius,Philipeaux,8/9/2020,pphilipeaux8o@nbcnews.com,Non-binary,0999 Oak Valley Lane
Edmund,McCahey,5/22/2020,emccahey8p@symantec.com,Agender,7319 Meadow Vale Avenue
Donaugh,Castangia,1/31/2020,dcastangia8q@angelfire.com,Female,89 Meadow Vale Pass
Alla,Oliphand,9/23/2020,aoliphand8r@twitter.com,Bigender,138 Dixon Center
,,,,,
Georgine,Jannequin,6/29/2020,gjannequin8t@vimeo.com,Agender,61 Surrey Road
Gun,Brockett,4/6/2020,gbrockett8u@angelfire.com,Agender,3 Prairieview Circle
Leoine,Insko,2/6/2020,linsko8v@thetimes.co.uk,Genderfluid,69 Oak Valley Terrace
Dari,O'Daly,2/24/2020,dodaly8w@desdev.cn,Female,4508 Northview Avenue
Raynor,Worner,7/5/2020,rworner8x@soundcloud.com,Genderfluid,148 Fair Oaks Place
,,,,,
Cesare,Broyd,3/31/2020,cbroyd8z@mac.com,Agender,4 Bunker Hill Parkway
Brandtr,Dacke,3/5/2020,bdacke90@intel.com,Genderfluid,78 Caliangt Lane
Sutherlan,Minillo,5/24/2020,sminillo91@princeton.edu,Genderqueer,3 Michigan Terrace
Emmet,Ogden,7/24/2020,eogden92@sohu.com,Polygender,6 Killdeer Point
Sherri,Basini-Gazzi,2/29/2020,sbasinigazzi93@i2i.jp,Genderqueer,9 Maywood Terrace
Ethe,Gorgen,1/16/2021,egorgen94@dagondesign.com,Polygender,7 Cottonwood Junction
Ardyth,Arter,3/15/2020,aarter95@prlog.org,Polygender,979 Blaine Hill
Hardy,Nason,4/5/2020,hnason96@ezinearticles.com,Genderqueer,798 Kensington Parkway
Gonzalo,Jans,3/18/2020,gjans97@reverbnation.com,Genderqueer,97244 Straubel Way
Verine,McGuane,3/12/2020,vmcguane98@wsj.com,Non-binary,9 Lakeland Trail
Randi,Crinidge,9/24/2020,rcrinidge99@google.ru,Genderfluid,4350 Oriole Place
Jade,Farn,6/6/2020,jfarn9a@alibaba.com,Non-binary,2272 Butterfield Street
Cy,Schollar,11/29/2020,cschollar9b@prnewswire.com,Bigender,17 Superior Park
Alanna,Geelan,12/28/2020,ageelan9c@mozilla.org,Polygender,59232 Nancy Point
Vevay,Durant,10/5/2020,vdurant9d@csmonitor.com,Non-binary,190 4th Pass
Lynette,GiacobbiniJacob,8/23/2020,lgiacobbinijacob9e@buzzfeed.com,Non-binary,322 Novick Place
Nicoli,Bouldstridge,10/7/2020,nbouldstridge9f@etsy.com,Agender,4863 Rigney Street
Karney,Akerman,1/30/2020,kakerman9g@wunderground.com,Male,7 Shasta Crossing
Ivie,Lidgate,8/1/2020,ilidgate9h@de.vu,Agender,653 Red Cloud Drive
Ravi,Culligan,6/24/2020,rculligan9i@psu.edu,Male,693 Dahle Terrace
Jojo,Lindsay,7/1/2020,jlindsay9j@patch.com,Non-binary,2664 Rockefeller Point
Alyda,Plampeyn,12/29/2020,aplampeyn9k@about.me,Non-binary,522 Havey Junction
Leigh,Hattersley,3/21/2020,lhattersley9l@bbb.org,Agender,41 Drewry Pass
Ailey,Owen,11/19/2020,aowen9m@1und1.de,Bigender,84 Ohio Way
Currie,Pactat,12/31/2020,cpactat9n@webs.com,Bigender,50586 Thompson Plaza
Emeline,Frankema,8/8/2020,efrankema9o@bbb.org,Non-binary,029 Jana Avenue
Homer,Fadell,12/23/2020,hfadell9p@ycombinator.com,Genderqueer,5 Rockefeller Street
Caspar,Spelling,1/21/2021,cspelling9q@edublogs.org,Bigender,9700 7th Park
Titus,Symmons,9/14/2020,tsymmons9r@wikipedia.org,Polygender,02 Coleman Alley
Adriena,Bamlet,11/3/2020,abamlet9s@wisc.edu,Polygender,3 Pennsylvania Court
Giralda,Everingham,3/21/2020,geveringham9t@ycombinator.com,Genderqueer,16453 Laurel Street
Nicki,Ivashchenko,11/20/2020,nivashchenko9u@ca.gov,Female,96161 Dahle Point
Jean,Chazier,4/9/2020,jchazier9v@mozilla.org,Agender,6 Westend Parkway
Aldon,Iskov,12/7/2020,aiskov9w@elpais.com,Genderqueer,3404 Judy Terrace
Nicholle,Dahlberg,12/26/2020,ndahlberg9x@indiegogo.com,Genderqueer,50131 Nevada Avenue
Sophi,Loisi,7/9/2020,sloisi9y@gizmodo.com,Polygender,484 Macpherson Crossing
Henka,Cicculini,12/11/2020,hcicculini9z@economist.com,Genderqueer,3638 Ruskin Avenue
Helsa,Killingsworth,8/18/2020,hkillingswortha0@mediafire.com,Genderfluid,79456 Armistice Pass
Judy,De Domenico,7/17/2020,jdedomenicoa1@go.com,Non-binary,1360 Graceland Circle
Yvette,Bode,3/6/2020,ybodea2@reddit.com,Non-binary,241 Surrey Crossing
Bailey,Minor,3/19/2020,bminora3@a8.net,Genderqueer,70 Pond Way
Ebeneser,Fellowes,7/27/2020,efellowesa4@booking.com,Agender,58185 Morningstar Lane
Laurene,Spollen,12/8/2020,lspollena5@github.io,Genderqueer,92340 Holmberg Point
Sigvard,Clubley,1/5/2021,sclubleya6@soundcloud.com,Genderfluid,9 Grayhawk Point
Shoshanna,Skamell,1/27/2020,sskamella7@jiathis.com,Non-binary,7442 Crest Line Junction
Jo,Peer,7/2/2020,jpeera8@chron.com,Male,579 Melvin Way
Rad,Ammer,1/13/2021,rammera9@dailymotion.com,Genderfluid,7 Grasskamp Park
Winfield,Skellern,9/4/2020,wskellernaa@etsy.com,Non-binary,676 Esch Court
Florida,Capelen,12/20/2020,fcapelenab@meetup.com,Genderqueer,81090 Charing Cross Park
,,,,,
Karalynn,Juszczak,4/5/2020,kjuszczakad@163.com,Genderqueer,82 Talmadge Court
Tabor,Pellew,11/9/2020,tpellewae@meetup.com,Female,70246 Lake View Drive
Berti,Dax,12/31/2020,bdaxaf@mlb.com,Bigender,9340 Texas Pass
Dayle,Battabee,12/10/2020,dbattabeeag@github.com,Male,5 High Crossing Plaza
Vivi,Gatrell,11/20/2020,vgatrellah@jiathis.com,Agender,6510 Logan Road
Stanleigh,Petrussi,11/22/2020,spetrussiai@narod.ru,Male,16431 Kings Drive
Nancee,Twamley,7/7/2020,ntwamleyaj@engadget.com,Bigender,37 Pankratz Way
Shaylah,Maciejak,2/14/2020,smaciejakak@guardian.co.uk,Agender,21967 Bluejay Parkway
Philip,Allston,6/21/2020,pallstonal@boston.com,Female,47 Cottonwood Drive
Con,Nesbitt,6/2/2020,cnesbittam@ted.com,Polygender,12 Muir Street
Iona,Dundridge,7/25/2020,idundridgean@slashdot.org,Male,3416 Jenna Parkway
Westleigh,Leachman,9/24/2020,wleachmanao@slideshare.net,Male,078 Annamark Crossing
Hernando,Coleiro,2/24/2020,hcoleiroap@sitemeter.com,Female,9 Trailsway Avenue
Kiley,Abatelli,8/5/2020,kabatelliaq@hud.gov,Non-binary,1129 Sutherland Way
Bonnee,Marcu,11/7/2020,bmarcuar@networksolutions.com,Non-binary,23591 Springs Court
,,,,,
Andrus,Brodnecke,6/21/2020,abrodneckeat@github.io,Bigender,9222 Lakewood Gardens Street
Gavin,Matthensen,3/15/2020,gmatthensenau@springer.com,Bigender,3118 Badeau Terrace
Sylvan,Blanket,1/31/2020,sblanketav@phoca.cz,Genderfluid,4286 La Follette Drive
Bond,Amery,1/31/2020,bameryaw@fastcompany.com,Bigender,404 Fieldstone Park
Tobias,Stoffersen,1/5/2021,tstoffersenax@dailymail.co.uk,Male,507 Gale Junction
Salvatore,Robjohns,5/26/2020,srobjohnsay@umich.edu,Genderqueer,3005 Eggendart Street
Ward,Bartkiewicz,6/13/2020,wbartkiewiczaz@wordpress.org,Agender,32971 Forest Dale Junction
Jefferson,McFaul,11/1/2020,jmcfaulb0@youtu.be,Non-binary,258 Blaine Crossing
Willi,Fraczak,8/15/2020,wfraczakb1@parallels.com,Non-binary,00 Little Fleur Road
Ariel,Bernardeau,10/4/2020,abernardeaub2@wunderground.com,Non-binary,85 Jana Court
Tucker,Courtese,7/5/2020,tcourteseb3@hibu.com,Non-binary,55 Leroy Plaza
Audie,Crafter,10/25/2020,acrafterb4@skyrock.com,Genderqueer,31093 Porter Alley
Talbot,Cookley,1/25/2021,tcookleyb5@unicef.org,Genderqueer,24740 Clemons Lane
Rachele,Bertholin,2/1/2020,rbertholinb6@japanpost.jp,Genderfluid,26 Randy Junction
Sarge,Okroy,3/23/2020,sokroyb7@meetup.com,Male,656 Hauk Center
Angele,Rosita,7/9/2020,arositab8@ow.ly,Agender,57 Rowland Lane
Eirena,Wynne,8/2/2020,ewynneb9@desdev.cn,Genderfluid,293 Moulton Road
Sanson,Jephcote,2/28/2020,sjephcoteba@joomla.org,Genderfluid,5071 Badeau Way
Mallory,Volk,2/7/2020,mvolkbb@printfriendly.com,Non-binary,4 Beilfuss Hill
Rabi,Tenbrug,2/25/2020,rtenbrugbc@arstechnica.com,Male,15 Harper Alley
Marchelle,Avis,5/31/2020,mavisbd@gnu.org,Genderqueer,587 Declaration Street
Tish,Futcher,5/20/2020,tfutcherbe@infoseek.co.jp,Polygender,2 Pankratz Drive
Corrinne,Romney,7/21/2020,cromneybf@epa.gov,Agender,158 Shoshone Circle
Ertha,Oaten,10/31/2020,eoatenbg@squarespace.com,Non-binary,6 Cardinal Park
Geri,Alejandro,7/12/2020,galejandrobh@smh.com.au,Bigender,65661 Drewry Circle
Cloe,Soal,9/25/2020,csoalbi@dion.ne.jp,Genderqueer,90281 Buell Circle
Addie,Giuroni,10/7/2020,agiuronibj@time.com,Bigender,6599 Bunker Hill Place
Colet,Shaudfurth,11/2/2020,cshaudfurthbk@dropbox.com,Agender,3989 Rieder Pass
Zandra,Swate,12/4/2020,zswatebl@hatena.ne.jp,Bigender,7 Merry Center
Teddy,Gamble,7/27/2020,tgamblebm@dot.gov,Genderqueer,13 Marcy Plaza
Gregor,Binfield,3/21/2020,gbinfieldbn@amazon.com,Genderfluid,82 Granby Point
Laurens,Grundwater,3/7/2020,lgrundwaterbo@msn.com,Genderqueer,3644 Truax Parkway
Justinian,Allcroft,6/30/2020,jallcroftbp@timesonline.co.uk,Male,0546 Katie Parkway
Cicely,Clemmett,8/10/2020,cclemmettbq@gizmodo.com,Genderqueer,663 Hoffman Plaza
Thatcher,Blazeby,10/3/2020,tblazebybr@blogtalkradio.com,Polygender,0 Saint Paul Avenue
Hughie,Piborn,3/5/2020,hpibornbs@dagondesign.com,Non-binary,56 Stuart Terrace
Celinka,Braund,10/22/2020,cbraundbt@lycos.com,Non-binary,4638 Stoughton Junction
Norry,Elfe,8/26/2020,nelfebu@amazon.co.jp,Genderqueer,6 Annamark Circle
Bonnee,Norwich,4/20/2020,bnorwichbv@toplist.cz,Bigender,2 Gerald Point
Evelin,Kleinert,3/21/2020,ekleinertbw@tuttocitta.it,Bigender,4057 Hovde Lane
Lorene,Shakelade,4/24/2020,lshakeladebx@networkadvertising.org,Male,7276 Sutherland Parkway
Lynda,Gatesman,4/27/2020,lgatesmanby@delicious.com,Non-binary,7 Eastwood Pass
Therese,Laba,12/18/2020,tlababz@reuters.com,Male,92 Drewry Hill
Alejoa,Grent,3/20/2020,agrentc0@hc360.com,Genderfluid,88294 1st Street
Cacilia,Budcock,3/16/2020,cbudcockc1@so-net.ne.jp,Genderfluid,75291 Havey Crossing
Henka,Tampen,8/23/2020,htampenc2@dropbox.com,Non-binary,6041 Carey Hill
Elsa,Fishbourn,6/7/2020,efishbournc3@amazonaws.com,Bigender,8 Sachtjen Drive
Karalee,Moseby,2/16/2020,kmosebyc4@furl.net,Female,90 Anhalt Terrace
Pen,Slaughter,11/24/2020,pslaughterc5@prlog.org,Non-binary,071 Ridge Oak Pass
Blinnie,Danielsohn,8/22/2020,bdanielsohnc6@whitehouse.gov,Female,7 Michigan Plaza
Stefania,Kobpac,9/2/2020,skobpacc7@mapquest.com,Polygender,6835 Hollow Ridge Trail
Lesly,Pering,2/5/2020,lperingc8@hud.gov,Agender,893 Sunbrook Point
,,,,,
Merle,Anfosso,12/22/2020,manfossoca@wiley.com,Agender,35049 Everett Parkway
Vonni,Chaman,4/18/2020,vchamancb@hubpages.com,Female,2214 Warner Court
Elysha,Whitebread,3/22/2020,ewhitebreadcc@msu.edu,Agender,5533 Declaration Junction
Anatola,Pimmocke,5/26/2020,apimmockecd@geocities.com,Bigender,442 Golden Leaf Center
Audre,Heavens,6/18/2020,aheavensce@google.pl,Female,926 Eastlawn Parkway
Shannah,Caldicot,9/3/2020,scaldicotcf@wix.com,Female,327 Sachs Point
Garvy,Ceccoli,1/22/2021,gceccolicg@opera.com,Non-binary,407 Myrtle Hill
Virgil,De Paoli,3/11/2020,vdepaolich@booking.com,Bigender,27 Russell Hill
Rachele,Osgordby,3/6/2020,rosgordbyci@google.co.jp,Non-binary,7 Moulton Way
Bunni,Izakovitz,6/25/2020,bizakovitzcj@sohu.com,Genderqueer,12422 Briar Crest Alley
Blaine,Mac,1/28/2020,bmacck@huffingtonpost.com,Agender,6644 Prentice Crossing
Adan,Ruttgers,6/26/2020,aruttgerscl@shop-pro.jp,Non-binary,8395 Barby Drive
Winfred,Spelwood,5/23/2020,wspelwoodcm@mlb.com,Female,48797 Forest Plaza
Lucas,Willbond,7/17/2020,lwillbondcn@acquirethisname.com,Polygender,934 Victoria Pass
,,,,,
Alford,Puleque,10/4/2020,apulequecp@list-manage.com,Non-binary,8357 Boyd Road
Wanda,Kondrachenko,12/9/2020,wkondrachenkocq@home.pl,Genderqueer,73797 Cascade Way
Batholomew,Lovell,3/2/2020,blovellcr@freewebs.com,Polygender,35 Mcbride Trail
,,,,,
Marketa,Mourant,11/1/2020,mmourantct@sina.com.cn,Genderqueer,8 Schlimgen Terrace
Freda,Omar,4/15/2020,fomarcu@patch.com,Agender,53558 Atwood Point
Michelle,Conman,6/28/2020,mconmancv@digg.com,Female,4204 Haas Center
Baillie,McClean,6/18/2020,bmccleancw@answers.com,Genderqueer,3148 Upham Junction
Lexy,Fairley,2/12/2020,lfairleycx@webs.com,Genderqueer,2 Cordelia Alley
Rosetta,Penhaligon,7/20/2020,rpenhaligoncy@senate.gov,Genderqueer,7 Russell Point
Johna,Pigden,7/13/2020,jpigdencz@youtu.be,Genderfluid,1485 Leroy Pass
Stephen,Petruszka,11/19/2020,spetruszkad0@ucla.edu,Genderqueer,269 Loeprich Lane
Morten,Warsap,2/3/2020,mwarsapd1@gmpg.org,Bigender,088 Moose Hill
Derk,Juares,6/14/2020,djuaresd2@etsy.com,Genderfluid,81 Reinke Drive
,,,,,
Filia,Whild,6/29/2020,fwhildd4@ameblo.jp,Genderfluid,5781 Grayhawk Trail
Wilhelmine,Camplejohn,5/15/2020,wcamplejohnd5@mapy.cz,Agender,471 Village Hill
Willa,Borland,2/14/2020,wborlandd6@blogger.com,Non-binary,018 Jana Trail
Kev,Featonby,8/4/2020,kfeatonbyd7@weather.com,Genderfluid,72 Sachtjen Terrace
,,,,,
Quintus,Ickov,8/8/2020,qickovd9@earthlink.net,Male,3 Cambridge Drive
Marika,Kelsall,5/14/2020,mkelsallda@webmd.com,Genderqueer,987 Lotheville Lane
Alyse,Kendle,3/19/2020,akendledb@weibo.com,Bigender,09 Superior Circle
Bartholomeus,Wellstead,12/12/2020,bwellsteaddc@flavors.me,Genderfluid,19 7th Lane
Stewart,Trower,4/27/2020,strowerdd@slideshare.net,Male,0243 Blaine Court
Guillaume,Boycott,8/10/2020,gboycottde@biglobe.ne.jp,Agender,045 Arapahoe Hill
Kassie,Brewood,12/10/2020,kbrewooddf@nymag.com,Non-binary,08 Banding Hill
Bernelle,Van Oort,11/21/2020,bvanoortdg@amazon.com,Non-binary,76 Randy Pass
Raff,Dillicate,12/26/2020,rdillicatedh@wiley.com,Female,424 Heath Hill
Libbie,Bozier,9/2/2020,lbozierdi@rambler.ru,Agender,89528 Hoard Place
Carce,Rainsden,3/14/2020,crainsdendj@tinypic.com,Non-binary,60073 Stang Avenue
Christin,MacMeanma,5/14/2020,cmacmeanmadk@smugmug.com,Polygender,4798 Menomonie Alley
Washington,Ofield,12/12/2020,wofielddl@purevolume.com,Male,069 Linden Crossing
Debbi,Pougher,8/10/2020,dpougherdm@skyrock.com,Non-binary,516 Golf Circle
Raoul,Abrahmson,12/11/2020,rabrahmsondn@businessweek.com,Non-binary,705 Holy Cross Way
Davine,Gotcher,6/18/2020,dgotcherdo@about.com,Polygender,5974 Hollow Ridge Street
Vina,Dunbar,7/9/2020,vdunbardp@aol.com,Male,6059 Cody Alley
Haley,Coatman,9/19/2020,hcoatmandq@e-recht24.de,Female,350 6th Trail
Candice,Kinzel,12/29/2020,ckinzeldr@wikispaces.com,Agender,987 Orin Lane
Bram,Galloway,5/3/2020,bgallowayds@quantcast.com,Male,220 Roth Road
Chrissy,Tinton,8/27/2020,ctintondt@list-manage.com,Genderfluid,37800 Hovde Lane
Camile,Tapin,9/22/2020,ctapindu@facebook.com,Male,83143 Welch Lane
Theodoric,Tiron,5/20/2020,ttirondv@biblegateway.com,Agender,529 Scoville Point
,,,,,
Tobe,Gilleon,8/10/2020,tgilleondx@comsenz.com,Male,44087 Ramsey Drive
Rafi,Bouldon,4/9/2020,rbouldondy@ebay.com,Male,36 Loomis Terrace
Gabie,Brindle,10/6/2020,gbrindledz@google.nl,Genderqueer,3 Crest Line Terrace
Leona,Yakuntsov,12/11/2020,lyakuntsove0@topsy.com,Agender,15978 Pleasure Road
Aldrich,Munford,12/25/2020,amunforde1@delicious.com,Genderfluid,58011 Pawling Hill
Candie,Boscher,11/9/2020,cboschere2@photobucket.com,Male,894 Cardinal Plaza
Alwyn,Lawlings,6/6/2020,alawlingse3@ow.ly,Agender,2181 Talmadge Circle
Greg,Vokes,6/22/2020,gvokese4@dropbox.com,Male,51 Hoffman Court
Johanna,Brawley,3/4/2020,jbrawleye5@washingtonpost.com,Genderqueer,6641 Cordelia Terrace
Ellswerth,Van den Broek,4/9/2020,evandenbroeke6@usatoday.com,Male,742 Eagle Crest Point
Janean,Senchenko,8/11/2020,jsenchenkoe7@tumblr.com,Female,7 Lotheville Way
Loren,Mullane,1/12/2021,lmullanee8@china.com.cn,Genderqueer,7 Hazelcrest Crossing
,,,,,
Erhart,Wash,6/20/2020,ewashea@kickstarter.com,Polygender,15290 Esch Place
Pooh,Guyton,1/10/2021,pguytoneb@indiatimes.com,Bigender,1 Judy Way
Vinny,Addington,8/8/2020,vaddingtonec@jimdo.com,Male,3 Northwestern Drive
Nana,Nield,8/2/2020,nnielded@google.fr,Genderqueer,1 Eagan Circle
Saree,McIlhatton,1/31/2020,smcilhattonee@epa.gov,Bigender,289 Calypso Crossing
Beryle,Hollyman,12/29/2020,bhollymanef@wordpress.org,Male,6540 Grover Park
Emanuele,Ealles,10/24/2020,eealleseg@soup.io,Genderfluid,22489 Darwin Lane
Cecilius,Walczak,2/22/2020,cwalczakeh@photobucket.com,Genderqueer,114 Esker Junction
Hansiain,Le Friec,9/21/2020,hlefriecei@goodreads.com,Genderqueer,0087 Harbort Avenue
Filippa,Plumbe,6/23/2020,fplumbeej@cafepress.com,Genderfluid,03 Gulseth Avenue
,,,,,
Ted,Twiddle,9/14/2020,ttwiddleel@e-recht24.de,Agender,7 Carberry Center
Willow,Dossit,3/19/2020,wdossitem@shop-pro.jp,Male,84374 Chinook Park
Borg,Fearfull,3/5/2020,bfearfullen@histats.com,Female,52830 Katie Park
Lusa,McGannon,5/12/2020,lmcgannoneo@friendfeed.com,Bigender,9 Charing Cross Center
Borg,Dautry,12/4/2020,bdautryep@rakuten.co.jp,Agender,8118 Milwaukee Alley
Branden,Hellewell,7/4/2020,bhellewelleq@bloomberg.com,Genderqueer,23 Leroy Lane
Caldwell,Piletic,7/17/2020,cpileticer@eventbrite.com,Female,6 Ruskin Alley
Rockwell,McCormack,8/27/2020,rmccormackes@prlog.org,Non-binary,2 Maryland Way
Roze,Crepel,2/2/2020,rcrepelet@hugedomains.com,Polygender,2881 Daystar Crossing
Rayshell,Wiggin,7/16/2020,rwiggineu@disqus.com,Non-binary,945 Warbler Way
Tami,McIlharga,11/17/2020,tmcilhargaev@irs.gov,Polygender,44444 Schlimgen Place
Bella,Januszkiewicz,10/24/2020,bjanuszkiewiczew@ibm.com,Genderqueer,44 Oriole Alley
Kliment,Bestall,9/24/2020,kbestallex@howstuffworks.com,Polygender,07713 Artisan Place
Rubetta,Hercules,5/28/2020,rherculesey@google.com,Genderfluid,1996 Northridge Junction
Koralle,Simms,6/21/2020,ksimmsez@usatoday.com,Bigender,84 Myrtle Park
Sherri,Jovis,12/5/2020,sjovisf0@odnoklassniki.ru,Agender,05065 Acker Point
Charil,Stolting,12/2/2020,cstoltingf1@npr.org,Genderfluid,1480 Clarendon Alley
Harold,Grzelewski,1/22/2021,hgrzelewskif2@bbc.co.uk,Female,424 American Ash Pass
,,,,,
Rutherford,Durrant,10/27/2020,rdurrantf4@nifty.com,Polygender,4322 Duke Alley
Dorris,Reiners,1/14/2021,dreinersf5@google.com.au,Male,0762 Jana Terrace
Myrtia,Molesworth,6/2/2020,mmolesworthf6@shutterfly.com,Polygender,9149 Elka Parkway
Kenyon,Suter,11/23/2020,ksuterf7@house.gov,Agender,03794 Amoth Alley
Monique,Brugsma,10/14/2020,mbrugsmaf8@live.com,Polygender,3 Butternut Drive
Bobbee,Taunton,8/18/2020,btauntonf9@seattletimes.com,Polygender,8131 Oak Plaza
Arline,Thurlbourne,7/20/2020,athurlbournefa@uiuc.edu,Female,06440 Rusk Avenue
Delora,MacUchadair,1/2/2021,dmacuchadairfb@princeton.edu,Non-binary,4 Corben Road
Barnie,Blaxlande,10/21/2020,bblaxlandefc@slideshare.net,Male,3 Springview Drive
Tonnie,Bursnoll,10/13/2020,tbursnollfd@artisteer.com,Female,6 Haas Point
Floris,Spragge,1/6/2021,fspraggefe@businessinsider.com,Male,59 Tennessee Way
Charyl,McFadyen,7/6/2020,cmcfadyenff@altervista.org,Male,110 Randy Hill
Merl,Theobold,8/29/2020,mtheoboldfg@tinypic.com,Non-binary,08 Little Fleur Point
Lorena,Dimelow,6/18/2020,ldimelowfh@histats.com,Bigender,253 Ramsey Road
Robbi,Pigeon,5/29/2020,rpigeonfi@wufoo.com,Male,7 Heath Street
Barnabe,Meron,6/12/2020,bmeronfj@nationalgeographic.com,Bigender,05 Arizona Street
Serge,Nafziger,5/11/2020,snafzigerfk@cpanel.net,Polygender,327 Esch Avenue
Pansie,Edgington,10/13/2020,pedgingtonfl@google.co.uk,Non-binary,7612 Aberg Plaza
Nial,Dun,5/7/2020,ndunfm@ed.gov,Bigender,6734 Northwestern Drive
Inigo,Ruzek,7/16/2020,iruzekfn@symantec.com,Genderfluid,45631 John Wall Street
Willie,Couth,8/14/2020,wcouthfo@jigsy.com,Agender,5 Logan Center
Christabel,Dobbie,5/27/2020,cdobbiefp@admin.ch,Male,7214 Autumn Leaf Street
Faustine,Akroyd,10/29/2020,fakroydfq@fda.gov,Non-binary,65796 Manitowish Way
Taryn,Laming,4/22/2020,tlamingfr@indiegogo.com,Polygender,880 Harper Pass
Elke,Dorr,1/24/2021,edorrfs@usda.gov,Genderqueer,11269 Sommers Point
Cassy,Stookes,7/26/2020,cstookesft@state.gov,Genderfluid,2 Autumn Leaf Lane
Heddi,Mehaffey,7/24/2020,hmehaffeyfu@ucla.edu,Agender,58 Hanson Street
Care,Wimpeney,3/30/2020,cwimpeneyfv@1und1.de,Non-binary,7848 Lake View Lane
Emelia,Corona,3/20/2020,ecoronafw@china.com.cn,Male,5 Canary Avenue
Tobey,Claxson,10/3/2020,tclaxsonfx@miibeian.gov.cn,Female,26 Clyde Gallagher Center
Haskel,Stallybrass,3/6/2020,hstallybrassfy@stanford.edu,Agender,468 Superior Terrace
Pyotr,Overel,12/2/2020,poverelfz@tamu.edu,Bigender,36452 Red Cloud Court
Thain,Cromie,6/13/2020,tcromieg0@devhub.com,Male,07619 Green Plaza
Sisely,Stennings,1/9/2021,sstenningsg1@angelfire.com,Polygender,824 Oxford Lane
Sean,Copestake,1/29/2020,scopestakeg2@google.cn,Genderfluid,87650 Northview Way
Marijn,Airey,2/26/2020,maireyg3@google.ca,Agender,82832 Veith Avenue
Gratia,Hawkey,8/30/2020,ghawkeyg4@over-blog.com,Agender,42935 Forster Way
Patty,Ranahan,10/26/2020,pranahang5@friendfeed.com,Polygender,3175 Summer Ridge Circle
Darb,Vaud,1/28/2020,dvaudg6@washington.edu,Non-binary,57491 Thackeray Crossing
Marie-ann,Durn,6/1/2020,mdurng7@yelp.com,Female,281 Laurel Hill
,,,,,
Luca,Cross,4/5/2020,lcrossg9@linkedin.com,Female,186 Jenifer Drive
Stephan,Fassam,6/8/2020,sfassamga@yelp.com,Non-binary,10937 Corben Parkway
,,,,,
,,,,,
Reider,Handman,10/9/2020,rhandmangd@oaic.gov.au,Genderqueer,87 Michigan Plaza
Donnie,Satchell,2/25/2020,dsatchellge@utexas.edu,Genderfluid,2458 Waywood Point
Svend,Tootal,12/23/2020,stootalgf@netvibes.com,Genderqueer,7286 Laurel Crossing
Kaitlin,Jost,6/10/2020,kjostgg@intel.com,Polygender,185 Johnson Crossing
Mildrid,Francescotti,1/23/2021,mfrancescottigh@nyu.edu,Polygender,51693 Anthes Way
Nilson,Bank,12/10/2020,nbankgi@bizjournals.com,Bigender,71295 Ridgeview Trail
Truda,Bondar,1/10/2021,tbondargj@washingtonpost.com,Genderfluid,28019 Corscot Terrace
Kara,Rodnight,3/16/2020,krodnightgk@eepurl.com,Genderqueer,8 Northfield Parkway
Liam,Lightbody,10/18/2020,llightbodygl@i2i.jp,Polygender,1828 Redwing Court
Aleece,Kimmince,5/25/2020,akimmincegm@army.mil,Polygender,748 Twin Pines Plaza
Nixie,Towersey,12/10/2020,ntowerseygn@cnn.com,Non-binary,08452 Hermina Terrace
Vanya,Staton,1/22/2021,vstatongo@joomla.org,Polygender,895 Sutherland Crossing
Rosanne,Newis,9/27/2020,rnewisgp@amazon.de,Female,845 Weeping Birch Point
Keene,Tolson,1/2/2021,ktolsongq@whitehouse.gov,Non-binary,603 Morrow Road
Anna,Lotwich,8/28/2020,alotwichgr@tumblr.com,Male,4 Schiller Avenue
Ailis,Issatt,2/13/2020,aissattgs@howstuffworks.com,Non-binary,295 Ruskin Junction
Jeffie,Lock,3/19/2020,jlockgt@cnbc.com,Non-binary,60 Porter Lane
Zach,McGaugie,3/29/2020,zmcgaugiegu@arstechnica.com,Bigender,8 Anhalt Junction
Lamont,Styles,9/14/2020,lstylesgv@discovery.com,Female,383 Daystar Point
Allister,Lebang,3/19/2020,alebanggw@archive.org,Genderfluid,82 Nobel Point
,,,,,
Petra,Canning,9/30/2020,pcanninggy@trellian.com,Male,6598 Coolidge Road
,,,,,
Lenora,Bailey,10/11/2020,lbaileyh0@hibu.com,Genderqueer,5 Hauk Circle
Ruddie,Colston,10/30/2020,rcolstonh1@technorati.com,Genderqueer,43 Mosinee Crossing
,,,,,
Josi,Musslewhite,9/2/2020,jmusslewhiteh3@1688.com,Bigender,759 Debra Park
Mateo,Bispham,10/14/2020,mbisphamh4@guardian.co.uk,Polygender,71 Loeprich Street
Dee,Belliard,4/21/2020,dbelliardh5@princeton.edu,Genderfluid,983 Bultman Hill
Noam,Jury,5/27/2020,njuryh6@mtv.com,Genderqueer,7 Holy Cross Parkway
Lowe,Ashby,4/21/2020,lashbyh7@scribd.com,Non-binary,7 Burrows Point
Dario,Paxeford,6/25/2020,dpaxefordh8@google.com,Genderqueer,0843 Alpine Terrace
Web,Lowless,4/7/2020,wlowlessh9@google.co.jp,Polygender,29 Pepper Wood Trail
Orelle,Adamowitz,4/24/2020,oadamowitzha@yellowpages.com,Agender,16 Norway Maple Terrace
Prent,Islep,8/25/2020,pislephb@newsvine.com,Polygender,1989 Bluestem Court
Cosimo,Muff,1/3/2021,cmuffhc@tiny.cc,Agender,1751 Lakeland Crossing
Jenifer,Danell,1/13/2021,jdanellhd@chronoengine.com,Polygender,02 Arapahoe Pass
Raynor,Conduit,8/22/2020,rconduithe@uol.com.br,Genderfluid,9 Old Shore Plaza
Henryetta,Rojas,4/7/2020,hrojashf@wix.com,Bigender,9907 Stoughton Way
Hubie,Blackader,7/16/2020,hblackaderhg@wired.com,Non-binary,73691 Swallow Way
Willem,Heam,2/11/2020,wheamhh@hud.gov,Bigender,03 Duke Court
Del,Brogiotti,5/27/2020,dbrogiottihi@bravesites.com,Genderfluid,80179 Moland Point
,,,,,
Aland,Gladtbach,6/7/2020,agladtbachhk@sun.com,Bigender,17 Hermina Trail
Suzy,Rome,7/30/2020,sromehl@mail.ru,Genderfluid,826 Dapin Court
Zane,Look,2/29/2020,zlookhm@accuweather.com,Polygender,08466 Maple Wood Road
Daryl,Seilmann,8/13/2020,dseilmannhn@behance.net,Polygender,794 Nelson Center
Boigie,Glanders,6/11/2020,bglandersho@vk.com,Agender,601 Stuart Crossing
Maritsa,Colenutt,1/29/2020,mcolenutthp@vinaora.com,Polygender,74302 Calypso Center
,,,,,
Valencia,Stevani,9/29/2020,vstevanihr@arstechnica.com,Male,5 Macpherson Plaza
Fredra,Woodrup,4/28/2020,fwoodruphs@networksolutions.com,Bigender,5 Myrtle Avenue
,,,,,
Michell,Goldster,7/7/2020,mgoldsterhu@time.com,Genderqueer,479 Springview Lane
Thomasina,Dare,1/15/2021,tdarehv@privacy.gov.au,Polygender,36 Glacier Hill Pass
Ninetta,Kitchingman,11/27/2020,nkitchingmanhw@github.io,Genderqueer,042 Annamark Terrace
Andrej,Gisbye,6/23/2020,agisbyehx@columbia.edu,Polygender,52558 Daystar Street
Herc,Garter,5/11/2020,hgarterhy@jugem.jp,Male,40377 Glendale Road
Charlena,Trenoweth,5/12/2020,ctrenowethhz@wufoo.com,Bigender,1589 Arrowood Plaza
Avivah,Oehm,10/24/2020,aoehmi0@ca.gov,Genderqueer,902 Stang Street
Courtnay,Rushe,9/10/2020,crushei1@exblog.jp,Bigender,8785 Schlimgen Way
Hillard,Guthrum,3/31/2020,hguthrumi2@simplemachines.org,Female,30 Veith Parkway
Claudio,Feast,1/7/2021,cfeasti3@hc360.com,Non-binary,9237 Veith Road
Edythe,Frissell,4/26/2020,efrisselli4@shareasale.com,Non-binary,65258 Ridgeview Hill
Melissa,Steuhlmeyer,9/26/2020,msteuhlmeyeri5@nydailynews.com,Genderqueer,4357 Burrows Plaza
Carroll,Pandie,3/2/2020,cpandiei6@nhs.uk,Bigender,30 Buena Vista Lane
Derry,Rabjohns,11/20/2020,drabjohnsi7@shinystat.com,Genderfluid,0663 La Follette Avenue
,,,,,
Binni,Glendzer,5/3/2020,bglendzeri9@loc.gov,Genderqueer,12773 Muir Avenue
Reyna,Dearnly,8/1/2020,rdearnlyia@npr.org,Male,8430 Maryland Center
Marga,Jepperson,3/8/2020,mjeppersonib@ycombinator.com,Agender,59246 Village Circle
Hendrick,Towner,1/27/2020,htowneric@amazon.de,Genderfluid,874 Oak Trail
Otho,Sibbons,4/24/2020,osibbonsid@networkadvertising.org,Non-binary,48 Iowa Drive
Jerrine,Saban,3/18/2020,jsabanie@ucoz.ru,Agender,196 Anniversary Avenue
Charity,Ing,8/15/2020,cingif@ameblo.jp,Male,0 Loomis Park
Sari,Crick,10/8/2020,scrickig@alexa.com,Genderqueer,4448 Center Junction
Nerte,Seabridge,7/9/2020,nseabridgeih@time.com,Genderfluid,9164 Rigney Junction
,,,,,
Tracee,Ivanishin,9/9/2020,tivanishinij@senate.gov,Agender,2598 Waubesa Lane
Rowena,Prozescky,5/19/2020,rprozesckyik@squidoo.com,Bigender,97 Fair Oaks Terrace
Catlaina,Ashbey,9/7/2020,cashbeyil@surveymonkey.com,Genderqueer,97 Packers Way
Marlie,Criag,3/26/2020,mcriagim@theglobeandmail.com,Polygender,716 Anhalt Park
Deanna,Skyner,11/11/2020,dskynerin@vimeo.com,Polygender,15751 Sage Point
,,,,,
Zak,Top,9/9/2020,ztopip@utexas.edu,Bigender,8 International Street
Karisa,Neads,9/13/2020,kneadsiq@comsenz.com,Male,80689 Fulton Avenue
,,,,,
Ruby,Reppaport,5/10/2020,rreppaportis@bloglines.com,Genderfluid,5 Hoepker Plaza
Beilul,Glazzard,8/13/2020,bglazzardit@bluehost.com,Polygender,196 Eliot Alley
Tomaso,Brahm,8/11/2020,tbrahmiu@mayoclinic.com,Bigender,96619 Coolidge Plaza
Debera,Goldup,6/8/2020,dgoldupiv@google.nl,Polygender,331 Bayside Place
Gardener,Segrott,12/22/2020,gsegrottiw@alibaba.com,Agender,3435 Westend Crossing
Edik,Van der Brug,9/6/2020,evanderbrugix@printfriendly.com,Bigender,7114 Welch Circle
Whitby,Tanman,12/24/2020,wtanmaniy@google.nl,Genderfluid,7897 Del Sol Court
Ashley,Saffer,5/3/2020,asafferiz@ning.com,Genderqueer,9 Mariners Cove Parkway
,,,,,
Jobi,McIan,8/23/2020,jmcianj1@rambler.ru,Agender,32 Summerview Junction
Kerwin,Swetland,11/25/2020,kswetlandj2@ehow.com,Bigender,1 Orin Pass
Eugenio,Borsi,3/13/2020,eborsij3@github.io,Bigender,0512 Ryan Pass
,,,,,
Cherie,Ellul,7/7/2020,cellulj5@unicef.org,Female,2 Laurel Circle
Reagen,Kikke,7/8/2020,rkikkej6@theatlantic.com,Bigender,9724 Lukken Parkway
Jane,Fieldhouse,1/29/2020,jfieldhousej7@statcounter.com,Genderfluid,46 Esch Street
Myrtie,Orhtmann,4/10/2020,morhtmannj8@wikispaces.com,Bigender,18685 Daystar Plaza
Viki,Andries,1/6/2021,vandriesj9@phpbb.com,Bigender,52738 Texas Drive
Rosalind,Caulwell,5/15/2020,rcaulwellja@cnn.com,Non-binary,59003 Del Sol Court
Marena,Waiton,5/16/2020,mwaitonjb@washington.edu,Genderfluid,177 Sloan Road
Zarla,MacScherie,1/13/2021,zmacscheriejc@bravesites.com,Agender,5445 Becker Circle
Dolph,Normant,11/27/2020,dnormantjd@posterous.com,Genderfluid,22 Sunbrook Court
Nathanael,Pieracci,2/9/2020,npieraccije@bing.com,Agender,0644 Moulton Court
Millard,Milburn,6/9/2020,mmilburnjf@msu.edu,Genderqueer,3 Calypso Street
Preston,Fallowfield,7/4/2020,pfallowfieldjg@1und1.de,Male,19794 Anzinger Parkway
Fifine,Mertin,5/10/2020,fmertinjh@t.co,Genderfluid,24 Mandrake Crossing
Eirena,Losano,10/30/2020,elosanoji@twitter.com,Genderfluid,422 Scott Avenue
Claire,MacCauley,2/27/2020,cmaccauleyjj@cdc.gov,Male,4 Carioca Hill
Kellen,Bowland,2/26/2020,kbowlandjk@livejournal.com,Agender,78 Village Parkway
Helen-elizabeth,Bramble,7/27/2020,hbramblejl@ucla.edu,Genderfluid,316 Arrowood Place
Izak,Celle,5/9/2020,icellejm@networksolutions.com,Genderqueer,7 Harper Center
Fernande,Kleinbaum,6/18/2020,fkleinbaumjn@globo.com,Non-binary,27 Claremont Pass
Florinda,Krale,5/30/2020,fkralejo@hatena.ne.jp,Agender,141 Northfield Alley
Karla,Corington,7/29/2020,kcoringtonjp@umn.edu,Polygender,25 Emmet Trail
Adelaida,Shivell,5/20/2020,ashivelljq@huffingtonpost.com,Polygender,72 Pennsylvania Street
Mitchael,Brockie,10/16/2020,mbrockiejr@vinaora.com,Non-binary,97 Mallory Drive
Blakeley,Bobasch,10/18/2020,bbobaschjs@who.int,Female,22 Scofield Place
Free,Dreakin,1/8/2021,fdreakinjt@icio.us,Genderqueer,86662 Basil Point
Lee,Hearsey,11/28/2020,lhearseyju@soundcloud.com,Genderqueer,4 Stephen Point
Bathsheba,Jonas,12/5/2020,bjonasjv@typepad.com,Male,6 Huxley Place
Jennette,Haine,12/26/2020,jhainejw@state.tx.us,Bigender,4176 Ludington Lane
Niccolo,Desantis,8/27/2020,ndesantisjx@nba.com,Non-binary,01514 Rigney Hill
Winnifred,Nowell,10/21/2020,wnowelljy@tinyurl.com,Non-binary,23 Sauthoff Way
Bevon,Ballham,4/24/2020,bballhamjz@guardian.co.uk,Agender,210 Brentwood Center
Neill,Waind,12/24/2020,nwaindk0@people.com.cn,Agender,20 Monterey Parkway
Athene,Caulket,6/1/2020,acaulketk1@odnoklassniki.ru,Male,1675 Sutherland Street
Jenilee,Hradsky,12/7/2020,jhradskyk2@yellowbook.com,Non-binary,67369 Clemons Hill
Evania,Cristofaro,2/10/2020,ecristofarok3@xrea.com,Bigender,84593 Green Circle
Sarette,Lowless,5/21/2020,slowlessk4@pinterest.com,Genderqueer,8244 Mariners Cove Circle
Nat,Brissenden,8/22/2020,nbrissendenk5@state.tx.us,Polygender,0613 Debs Hill
Anita,Leffek,6/4/2020,aleffekk6@hao123.com,Agender,58925 Clove Parkway
Carly,Prevost,11/3/2020,cprevostk7@feedburner.com,Bigender,61391 Erie Center
,,,,,
Quentin,Lethem,10/6/2020,qlethemk9@g.co,Genderqueer,57357 Ohio Hill
Morgan,McFayden,12/3/2020,mmcfaydenka@walmart.com,Polygender,848 Elka Parkway
Sheri,Lidden,1/7/2021,sliddenkb@prlog.org,Genderfluid,81 Harper Junction
Tanner,Jiran,1/13/2021,tjirankc@bizjournals.com,Polygender,78576 Sugar Terrace
Sibelle,Reynard,11/20/2020,sreynardkd@vistaprint.com,Genderfluid,69 David Pass
Halley,Antonsen,11/9/2020,hantonsenke@npr.org,Polygender,40176 Gateway Park
Marika,Rymour,7/7/2020,mrymourkf@wunderground.com,Male,66035 Old Shore Way
Chen,Kilban,10/3/2020,ckilbankg@illinois.edu,Genderqueer,739 Transport Plaza
Kori,Raigatt,7/16/2020,kraigattkh@hexun.com,Female,6 Beilfuss Center
Ruprecht,Crosfield,4/24/2020,rcrosfieldki@digg.com,Agender,9 Arizona Way
Kippar,Josum,9/24/2020,kjosumkj@flavors.me,Bigender,0 Artisan Drive
,,,,,
Alfredo,Stork,11/18/2020,astorkkl@addtoany.com,Non-binary,2223 8th Hill
Valli,Daish,11/28/2020,vdaishkm@senate.gov,Bigender,2670 Graceland Circle
Celine,Helder,9/22/2020,chelderkn@addthis.com,Genderqueer,6 Center Alley
Saudra,Casley,1/30/2020,scasleyko@jigsy.com,Female,722 Lake View Avenue
Evered,Saiger,4/17/2020,esaigerkp@amazon.co.jp,Female,68 Grayhawk Trail
Ken,Caddick,9/14/2020,kcaddickkq@mapquest.com,Genderqueer,9 Jay Hill
Booth,McGooch,1/18/2021,bmcgoochkr@businesswire.com,Genderqueer,523 Dovetail Lane
Adolf,Lucio,8/29/2020,alucioks@gmpg.org,Bigender,13757 Kipling Road
Regan,Govier,5/5/2020,rgovierkt@adobe.com,Bigender,00 Badeau Court
Erl,Rebbeck,10/24/2020,erebbeckku@independent.co.uk,Agender,868 Kedzie Hill
Othello,Brandacci,10/24/2020,obrandaccikv@bluehost.com,Non-binary,5 Daystar Road
Jolynn,Gewer,2/20/2020,jgewerkw@chron.com,Male,0799 Fallview Parkway
Jeddy,Jovicevic,3/8/2020,jjovicevickx@bloomberg.com,Female,92 Fuller Way
Violetta,Druery,8/31/2020,vdrueryky@unesco.org,Male,7173 Schurz Parkway
Alica,Bonnet,3/12/2020,abonnetkz@dmoz.org,Genderfluid,8 Anniversary Circle
Cloe,Gunston,2/25/2020,cgunstonl0@census.gov,Genderqueer,0254 Di Loreto Terrace
Fawnia,Aubury,7/19/2020,fauburyl1@wikipedia.org,Genderqueer,2 Clemons Trail
Jenica,Woodlands,11/21/2020,jwoodlandsl2@amazon.co.jp,Female,624 Westerfield Center
Corette,Haryngton,11/2/2020,charyngtonl3@dropbox.com,Polygender,1 Evergreen Street
,,,,,
Carson,Tixall,9/17/2020,ctixalll5@tinyurl.com,Genderfluid,6857 Erie Pass
Freddie,Sloan,12/24/2020,fsloanl6@cnbc.com,Male,097 Helena Park
Vivian,Perford,11/2/2020,vperfordl7@deviantart.com,Female,52303 Prairieview Road
Leeland,Scuffham,3/4/2020,lscuffhaml8@friendfeed.com,Male,6293 Eagle Crest Trail
Lotta,Pughe,11/8/2020,lpughel9@oracle.com,Male,227 Maryland Court
Ricki,Gutcher,12/22/2020,rgutcherla@slate.com,Female,47323 Messerschmidt Circle
Daile,Conyard,4/2/2020,dconyardlb@cnn.com,Polygender,6 Talisman Junction
Bertram,Sigge,1/5/2021,bsiggelc@bloglovin.com,Non-binary,22466 Orin Terrace
Nikos,Lisamore,12/19/2020,nlisamoreld@unesco.org,Male,6 Tennessee Lane
Conrad,Duck,3/29/2020,cduckle@springer.com,Bigender,08986 Loomis Pass
Nola,Junes,12/9/2020,njuneslf@chron.com,Agender,9 Victoria Circle
Kelvin,Kennagh,11/23/2020,kkennaghlg@theglobeandmail.com,Polygender,46 Brickson Park Road
Elwira,Monelli,3/2/2020,emonellilh@hugedomains.com,Bigender,017 Laurel Junction
Adolf,Crickmore,12/21/2020,acrickmoreli@bandcamp.com,Bigender,03 Sloan Park
Sly,Pauleit,3/20/2020,spauleitlj@reuters.com,Genderfluid,68 Esker Alley
Gerri,Wignall,8/29/2020,gwignalllk@eventbrite.com,Male,235 Rutledge Alley
Gunther,Sange,8/3/2020,gsangell@nationalgeographic.com,Polygender,348 Oxford Alley
Wallas,Pond-Jones,3/15/2020,wpondjoneslm@mozilla.com,Genderqueer,6491 Di Loreto Point
Joanie,Bricket,8/3/2020,jbricketln@eepurl.com,Female,8 Fair Oaks Plaza
Lela,Kittel,4/7/2020,lkittello@google.com.hk,Genderfluid,13 4th Alley
Bran,Tillyer,8/21/2020,btillyerlp@privacy.gov.au,Non-binary,65 Dawn Pass
Madelle,Eisold,4/12/2020,meisoldlq@vk.com,Genderfluid,2 Hintze Lane
Dietrich,Waycot,2/24/2020,dwaycotlr@redcross.org,Genderqueer,543 Sugar Pass
Justin,Scheu,2/13/2020,jscheuls@surveymonkey.com,Genderfluid,4 Tennyson Court
Donnie,Pawley,11/5/2020,dpawleylt@amazon.com,Non-binary,3962 Shoshone Road
Erl,Keech,8/13/2020,ekeechlu@who.int,Genderfluid,9901 Fairfield Trail
Estrella,Melby,12/16/2020,emelbylv@fotki.com,Bigender,9672 Blaine Park
Winny,Duddan,9/1/2020,wduddanlw@unblog.fr,Genderfluid,294 Del Sol Street
Veda,Mussen,8/24/2020,vmussenlx@spiegel.de,Genderqueer,45720 School Plaza
Abbey,Liell,1/18/2021,aliellly@hostgator.com,Bigender,864 Drewry Court
Izabel,Aveyard,12/9/2020,iaveyardlz@usa.gov,Bigender,1153 Hauk Parkway
Lorene,Guilder,8/7/2020,lguilderm0@goo.gl,Male,99493 Spaight Terrace
,,,,,
Homere,Currier,5/8/2020,hcurrierm2@surveymonkey.com,Genderqueer,77178 Montana Avenue
Ainslie,Hellier,6/30/2020,ahellierm3@surveymonkey.com,Genderqueer,1361 Coolidge Avenue
Muffin,Allan,11/19/2020,mallanm4@infoseek.co.jp,Bigender,9348 Texas Crossing
Denys,Stokoe,11/14/2020,dstokoem5@miitbeian.gov.cn,Bigender,04259 Barby Pass
Normie,Labeuil,12/28/2020,nlabeuilm6@seattletimes.com,Agender,09216 Pierstorff Parkway
Kyrstin,McAnellye,2/23/2020,kmcanellyem7@nature.com,Non-binary,36 Gulseth Plaza
Rosana,Behan,10/20/2020,rbehanm8@state.gov,Non-binary,43320 Barnett Center
Mirelle,Whife,8/11/2020,mwhifem9@rakuten.co.jp,Bigender,4 Mcbride Circle
Wendy,Gosnell,3/19/2020,wgosnellma@list-manage.com,Male,35853 Monica Place
Addy,Caraher,7/20/2020,acarahermb@typepad.com,Genderqueer,740 Nelson Plaza
Ethelda,Peffer,4/7/2020,epeffermc@mapy.cz,Bigender,79447 Pepper Wood Center
Wat,Bollen,8/22/2020,wbollenmd@cbslocal.com,Male,8151 Cottonwood Junction
Gabe,Aldcorne,3/15/2020,galdcorneme@cocolog-nifty.com,Female,2258 Lakewood Gardens Place
,,,,,
Consolata,Shercliff,1/21/2021,cshercliffmg@tripod.com,Female,10308 Russell Alley
Lodovico,Genge,9/18/2020,lgengemh@washingtonpost.com,Bigender,4 Spaight Road
Bertrando,Andric,11/7/2020,bandricmi@ox.ac.uk,Male,38275 Tennyson Road
,,,,,
Paige,Ashelford,9/27/2020,pashelfordmk@paginegialle.it,Polygender,151 Cambridge Pass
Joanne,Aloshkin,3/26/2020,jaloshkinml@yale.edu,Genderqueer,4 Towne Lane
,,,,,
Caryl,Borrowman,10/24/2020,cborrowmanmn@delicious.com,Bigender,99444 Montana Park
Jeniffer,Robardey,10/21/2020,jrobardeymo@simplemachines.org,Bigender,313 Burrows Circle
Sergeant,Trathen,11/22/2020,strathenmp@list-manage.com,Genderqueer,19009 Cottonwood Junction
Fidela,Gearing,2/21/2020,fgearingmq@nsw.gov.au,Female,8750 Hermina Way
Eba,MacIlory,4/16/2020,emacilorymr@google.nl,Female,00671 Sunbrook Circle
Di,Woodgate,8/22/2020,dwoodgatems@jimdo.com,Bigender,5 Lillian Alley
Lizabeth,Hollington,3/2/2020,lhollingtonmt@baidu.com,Genderqueer,7 Valley Edge Trail
Zarla,Carbine,8/5/2020,zcarbinemu@stanford.edu,Genderfluid,6632 Florence Alley
Lorilee,Bernakiewicz,9/26/2020,lbernakiewiczmv@mashable.com,Genderfluid,4 Gulseth Pass
Agneta,Websdale,12/24/2020,awebsdalemw@google.nl,Female,31908 Independence Drive
Gabriel,Dicks,10/10/2020,gdicksmx@instagram.com,Non-binary,87782 Bluejay Lane
Dan,Ainscow,12/26/2020,dainscowmy@wp.com,Genderqueer,73600 Waxwing Parkway
Lissie,Gulleford,12/13/2020,lgullefordmz@geocities.jp,Genderqueer,663 Hayes Parkway
Clarine,Larham,8/29/2020,clarhamn0@studiopress.com,Agender,7 Moland Center
Don,Aiers,8/5/2020,daiersn1@bizjournals.com,Bigender,64 Holmberg Point
Elvyn,Elles,5/26/2020,eellesn2@cargocollective.com,Agender,932 Elmside Circle
Berty,Sweetsur,9/27/2020,bsweetsurn3@myspace.com,Agender,06244 Ludington Terrace
Elizabet,Trenouth,11/23/2020,etrenouthn4@typepad.com,Polygender,37 Buell Lane
Selinda,Pollett,5/28/2020,spollettn5@unc.edu,Non-binary,75 Nelson Street
Enrico,Conew,6/6/2020,econewn6@free.fr,Male,26846 West Street
Urbain,Beggi,12/15/2020,ubeggin7@cloudflare.com,Non-binary,14 Valley Edge Avenue
Isidore,covino,11/7/2020,icovinon8@addthis.com,Male,46127 Grover Pass
,,,,,
Jo-ann,Volkes,6/8/2020,jvolkesna@so-net.ne.jp,Agender,65 Nobel Lane
Woodrow,Squirrell,4/12/2020,wsquirrellnb@homestead.com,Female,3 Old Shore Trail
,,,,,
Leelah,Harm,1/9/2021,lharmnd@sitemeter.com,Polygender,8 Bonner Avenue
Jerald,McCafferky,10/29/2020,jmccafferkyne@goo.ne.jp,Genderqueer,4054 Ludington Pass
Liana,Crumb,10/14/2020,lcrumbnf@uol.com.br,Agender,742 Warner Park
Mervin,Alderwick,11/20/2020,malderwickng@google.co.uk,Female,491 Kennedy Junction
Perri,Deadman,11/27/2020,pdeadmannh@51.la,Genderfluid,6422 Bowman Center
Thadeus,Mc Carroll,2/23/2020,tmccarrollni@prweb.com,Non-binary,89 Dottie Place
Michail,Durbin,3/27/2020,mdurbinnj@rambler.ru,Agender,3 Browning Pass
Dre,Jedrzejewsky,1/31/2020,djedrzejewskynk@discuz.net,Non-binary,214 Muir Pass
Solomon,Chrystie,5/2/2020,schrystienl@over-blog.com,Bigender,627 Clemons Place
Annabal,Yeowell,3/21/2020,ayeowellnm@google.co.uk,Polygender,88468 Gina Circle
Hedwig,Ogus,11/23/2020,hogusnn@163.com,Female,6050 Novick Circle
Row,Rarity,2/25/2020,rrarityno@opensource.org,Bigender,455 Bultman Court
Cordula,Windrus,10/15/2020,cwindrusnp@canalblog.com,Female,10 Mariners Cove Plaza
Cyndia,Loft,9/30/2020,cloftnq@deviantart.com,Female,59 5th Lane
Theresina,Lumly,3/31/2020,tlumlynr@cornell.edu,Agender,372 East Lane
Shurlock,Angrove,9/16/2020,sangrovens@nhs.uk,Non-binary,9 Gina Road
,,,,,
Dion,McCorkell,2/8/2020,dmccorkellnu@tuttocitta.it,Genderfluid,6807 Arapahoe Way
Claretta,Kisbey,1/25/2021,ckisbeynv@samsung.com,Polygender,139 Upham Park
Irita,Camosso,7/22/2020,icamossonw@flavors.me,Polygender,57 East Point
,,,,,
Belita,Izachik,8/3/2020,bizachikny@hubpages.com,Bigender,976 High Crossing Plaza
Vivyanne,Grichukhin,4/18/2020,vgrichukhinnz@flickr.com,Agender,688 Sachs Park
,,,,,
Bridgette,Trehearn,6/19/2020,btrehearno1@ft.com,Genderqueer,0 Hooker Plaza
Aliza,Rossander,1/10/2021,arossandero2@123-reg.co.uk,Non-binary,363 Northridge Way
Doris,Eddies,3/22/2020,deddieso3@creativecommons.org,Genderfluid,02039 Dahle Place
Roshelle,McVane,11/1/2020,rmcvaneo4@mtv.com,Male,9172 Northwestern Lane
Nelli,Baert,8/16/2020,nbaerto5@acquirethisname.com,Non-binary,4 Bunting Place
Padraig,Pateman,3/17/2020,ppatemano6@51.la,Agender,8 Holy Cross Junction
Oswell,Skoyles,3/17/2020,oskoyleso7@mashable.com,Male,0674 Center Circle
Travis,Stanner,9/13/2020,tstannero8@wisc.edu,Polygender,3 Milwaukee Court
Carl,Henworth,2/13/2020,chenwortho9@biblegateway.com,Agender,1 Coleman Parkway
Zack,Bougen,4/15/2020,zbougenoa@addtoany.com,Non-binary,2 Reinke Drive
Adella,McEllen,2/9/2020,amcellenob@stanford.edu,Polygender,158 Nelson Street
Crawford,Ambrose,2/13/2020,cambroseoc@merriam-webster.com,Agender,0886 Buena Vista Park
Deeyn,Nowick,11/4/2020,dnowickod@google.ru,Bigender,01109 Jay Lane
Pru,Sawyer,3/2/2020,psawyeroe@bing.com,Agender,1295 Ruskin Junction
Ninette,Sidden,2/20/2020,nsiddenof@booking.com,Polygender,87943 Dunning Point
Nolana,Demsey,9/2/2020,ndemseyog@mapy.cz,Bigender,85418 Lerdahl Lane
Felike,Sigfrid,4/30/2020,fsigfridoh@disqus.com,Bigender,9 Helena Avenue
,,,,,
Winny,Vischi,8/14/2020,wvischioj@privacy.gov.au,Male,5 Mariners Cove Street
Kirsteni,Coffelt,7/13/2020,kcoffeltok@mapquest.com,Genderfluid,45678 Moose Drive
Pauletta,Sainz,3/24/2020,psainzol@microsoft.com,Non-binary,0 Holmberg Circle
Lavena,Bedo,10/19/2020,lbedoom@about.com,Male,52 Crest Line Trail
Devy,Callaby,3/29/2020,dcallabyon@ucoz.ru,Female,54 Lillian Junction
Ian,Chesney,10/1/2020,ichesneyoo@adobe.com,Genderfluid,6 Burrows Way
Jamil,Readwin,3/15/2020,jreadwinop@unesco.org,Polygender,32 Eliot Park
Ailis,Credland,9/6/2020,acredlandoq@themeforest.net,Non-binary,52360 Crowley Lane
Dare,Reader,9/11/2020,dreaderor@icq.com,Genderqueer,2618 Holy Cross Point
Boone,Stather,12/21/2020,bstatheros@imgur.com,Female,422 Huxley Center
Sybila,Kynd,12/14/2020,skyndot@aboutads.info,Non-binary,52 American Ash Terrace
Sheelagh,Didsbury,6/16/2020,sdidsburyou@fema.gov,Male,2730 Atwood Junction
Elvina,Loxly,2/28/2020,eloxlyov@who.int,Genderfluid,35 Mockingbird Hill
Lida,Eburne,4/1/2020,leburneow@huffingtonpost.com,Non-binary,13139 Holy Cross Alley
Merline,Simco,6/23/2020,msimcoox@1und1.de,Genderfluid,365 Superior Pass
Perl,Cargen,3/25/2020,pcargenoy@google.com,Agender,81 Towne Street
Alexa,Bertelsen,3/19/2020,abertelsenoz@rediff.com,Male,59 Nelson Crossing
Lea,Galletly,12/15/2020,lgalletlyp0@nydailynews.com,Bigender,7168 Lyons Center
Shay,Gravett,11/25/2020,sgravettp1@illinois.edu,Polygender,025 Walton Drive
Cathleen,Deegan,12/12/2020,cdeeganp2@constantcontact.com,Genderfluid,8 Sage Parkway
Vanessa,Arnaud,1/6/2021,varnaudp3@va.gov,Male,3 Corben Terrace
Alonso,Burnsall,6/1/2020,aburnsallp4@howstuffworks.com,Male,13804 Summer Ridge Lane
Helsa,Mullin,7/8/2020,hmullinp5@taobao.com,Non-binary,316 Hauk Parkway
Suzette,Gorusso,12/10/2020,sgorussop6@geocities.com,Polygender,8 Manufacturers Park
Berthe,Risley,1/16/2021,brisleyp7@tmall.com,Non-binary,24 Meadow Vale Lane
Iosep,Samways,7/11/2020,isamwaysp8@ca.gov,Genderfluid,969 Rieder Park
Harris,Rawcliffe,12/8/2020,hrawcliffep9@thetimes.co.uk,Genderqueer,15 Commercial Point
Pebrook,MacEveley,8/10/2020,pmaceveleypa@sourceforge.net,Bigender,56706 Moland Street
Orsola,Hylands,1/17/2021,ohylandspb@independent.co.uk,Bigender,56 Heath Street
Holmes,Bunnell,7/7/2020,hbunnellpc@nasa.gov,Non-binary,9850 Kingsford Lane
Jaclin,Collymore,7/5/2020,jcollymorepd@ycombinator.com,Genderqueer,42827 Tony Street
Mercy,Leggs,7/28/2020,mleggspe@census.gov,Non-binary,11 Drewry Pass
Tobey,Tweddle,7/4/2020,ttweddlepf@usatoday.com,Agender,207 Vidon Point
Shaylyn,Osipenko,8/19/2020,sosipenkopg@amazon.co.uk,Female,617 Union Avenue
Hedwig,Fayre,9/8/2020,hfayreph@springer.com,Polygender,58709 Golf Plaza
Guido,Bodemeaid,2/8/2020,gbodemeaidpi@ucoz.ru,Bigender,04108 Springs Plaza
Carey,Olivet,5/31/2020,colivetpj@flavors.me,Polygender,78751 Hintze Crossing
Tova,Moulton,8/13/2020,tmoultonpk@artisteer.com,Male,633 Thompson Point
Donnajean,Morley,3/12/2020,dmorleypl@washingtonpost.com,Female,667 Autumn Leaf Plaza
Edithe,Rollings,7/1/2020,erollingspm@hugedomains.com,Bigender,36 Green Hill
Matthus,Pilmer,5/9/2020,mpilmerpn@google.nl,Genderfluid,09447 Sunfield Court
Pepe,Brotherhood,2/6/2020,pbrotherhoodpo@trellian.com,Non-binary,125 Texas Trail
Hurlee,Ungerer,12/22/2020,hungererpp@seesaa.net,Non-binary,96 Superior Crossing
Katerina,Jentgens,10/20/2020,kjentgenspq@google.cn,Bigender,9 West Lane
Clyve,Rochester,7/31/2020,crochesterpr@eventbrite.com,Male,05 North Drive
Darcy,Wilcox,4/24/2020,dwilcoxps@miitbeian.gov.cn,Polygender,51762 Northport Pass
Kelci,Tapin,9/6/2020,ktapinpt@virginia.edu,Bigender,80470 Everett Alley
Imelda,Kayne,5/11/2020,ikaynepu@mashable.com,Agender,019 7th Lane
Abbott,Guidera,6/22/2020,aguiderapv@alibaba.com,Agender,61158 Paget Plaza
Kaila,Goodship,7/13/2020,kgoodshippw@uiuc.edu,Genderfluid,9 Pennsylvania Circle
Tybi,Setterfield,5/12/2020,tsetterfieldpx@phpbb.com,Genderqueer,7598 Merchant Parkway
Minne,Moulson,4/11/2020,mmoulsonpy@rediff.com,Male,2372 Melby Parkway
Peterus,Tuley,7/15/2020,ptuleypz@state.tx.us,Polygender,053 Schlimgen Point
Lamont,Grigorkin,8/20/2020,lgrigorkinq0@oracle.com,Genderfluid,32 Village Park
Tedd,Glover,11/7/2020,tgloverq1@dion.ne.jp,Polygender,8369 Arapahoe Park
Gay,Cordero,9/28/2020,gcorderoq2@chronoengine.com,Non-binary,90 Chive Road
Jim,Bugdale,3/7/2020,jbugdaleq3@drupal.org,Bigender,14 3rd Junction
Eddie,Robe,2/7/2020,erobeq4@narod.ru,Genderqueer,5 Ryan Road
Mozes,Jandourek,6/19/2020,mjandourekq5@odnoklassniki.ru,Agender,8253 American Ash Pass
Manfred,Guidelli,9/28/2020,mguidelliq6@360.cn,Polygender,809 Paget Avenue
Ardeen,Waldram,6/7/2020,awaldramq7@youtu.be,Female,27 Clyde Gallagher Place
Jacinta,Garbutt,2/2/2020,jgarbuttq8@cam.ac.uk,Non-binary,68910 Melody Street
,,,,,
Cirilo,Fearenside,4/5/2020,cfearensideqa@imgur.com,Polygender,6941 Shopko Parkway
Hilary,Chubb,1/10/2021,hchubbqb@ask.com,Genderqueer,1905 Lighthouse Bay Alley
Law,Potte,5/31/2020,lpotteqc@economist.com,Non-binary,87921 Merry Drive
Wren,Dwane,7/26/2020,wdwaneqd@studiopress.com,Agender,5 Maple Wood Park
Kettie,Karpenko,10/13/2020,kkarpenkoqe@ocn.ne.jp,Agender,2741 Sutherland Point
Forster,Gready,12/28/2020,fgreadyqf@unicef.org,Agender,9 Fairfield Avenue
Walsh,Lapree,5/26/2020,wlapreeqg@posterous.com,Polygender,2478 Grayhawk Park
Kendrick,Perrycost,11/26/2020,kperrycostqh@delicious.com,Male,2 Kennedy Center
Berky,Lawry,3/1/2020,blawryqi@shinystat.com,Bigender,21 Cottonwood Drive
Prudy,O'Reilly,5/21/2020,poreillyqj@rambler.ru,Non-binary,489 Londonderry Alley
Bev,Abbie,7/17/2020,babbieqk@blogtalkradio.com,Non-binary,2 Cascade Road
Aubrette,Ubsdell,5/9/2020,aubsdellql@sohu.com,Agender,5268 Arapahoe Junction
Johanna,Larwell,5/5/2020,jlarwellqm@weebly.com,Genderqueer,6770 Morrow Road
Adolphus,Haydn,4/26/2020,ahaydnqn@businessinsider.com,Agender,2138 Prairie Rose Place
Charity,Bury,7/9/2020,cburyqo@godaddy.com,Female,7838 Elka Pass
Gustaf,M'Quhan,1/10/2021,gmquhanqp@hugedomains.com,Female,29567 Miller Hill
Livia,Scopes,12/30/2020,lscopesqq@deviantart.com,Bigender,285 Cambridge Court
Anni,Suddell,6/15/2020,asuddellqr@shop-pro.jp,Genderfluid,6 Tomscot Hill
Reidar,Boreland,1/24/2021,rborelandqs@economist.com,Agender,91528 Bowman Place
Rosemarie,Couling,1/20/2021,rcoulingqt@wikispaces.com,Polygender,2 East Crossing
Pablo,O' Mahony,1/24/2021,pomahonyqu@amazon.de,Agender,953 Blackbird Way
Shirl,Bedder,5/1/2020,sbedderqv@webmd.com,Polygender,0 Boyd Parkway
Koren,Goathrop,11/1/2020,kgoathropqw@sourceforge.net,Genderqueer,62 Aberg Alley
Dulcia,Cartwright,5/28/2020,dcartwrightqx@gizmodo.com,Genderfluid,76 Birchwood Pass
Paco,Fasse,3/2/2020,pfasseqy@arizona.edu,Genderqueer,607 Carberry Avenue
Darius,Strethill,8/22/2020,dstrethillqz@harvard.edu,Male,0281 Bultman Alley
Rodina,Boon,11/2/2020,rboonr0@issuu.com,Non-binary,7357 Dixon Alley
Rodolfo,Ellicott,11/10/2020,rellicottr1@soundcloud.com,Genderfluid,33185 Hermina Lane
Terra,Etridge,5/23/2020,tetridger2@ycombinator.com,Polygender,737 Kensington Drive
Brynne,Byer,3/3/2020,bbyerr3@irs.gov,Non-binary,13 Oakridge Junction
Fionnula,Blakiston,11/13/2020,fblakistonr4@elegantthemes.com,Genderqueer,352 Towne Road
Susanna,Winsiowiecki,5/28/2020,swinsiowieckir5@buzzfeed.com,Polygender,1 Anthes Hill
Franny,MacSweeney,10/6/2020,fmacsweeneyr6@dedecms.com,Agender,4 South Way
Talbot,Kinchin,11/26/2020,tkinchinr7@opera.com,Non-binary,20175 Granby Trail
Albina,Kmiec,10/15/2020,akmiecr8@usnews.com,Genderqueer,9 Di Loreto Circle
Tony,Belly,12/6/2020,tbellyr9@chicagotribune.com,Genderfluid,30 Texas Park
Ailbert,Mussard,5/27/2020,amussardra@earthlink.net,Agender,039 Main Circle
Dud,Jenkinson,1/31/2020,djenkinsonrb@pbs.org,Non-binary,339 Spaight Court
,,,,,
Max,Simcox,11/22/2020,msimcoxrd@mapquest.com,Polygender,8158 Drewry Way
Renelle,McGowan,9/9/2020,rmcgowanre@flickr.com,Bigender,8 Northridge Junction
Sarina,Kebbell,3/28/2020,skebbellrf@wikipedia.org,Male,0239 Stone Corner Hill
Vincenty,Petel,5/14/2020,vpetelrg@feedburner.com,Genderqueer,26308 Armistice Road
Melodee,Backhurst,4/1/2020,mbackhurstrh@themeforest.net,Genderfluid,3 Sloan Point
Ofella,Going,9/19/2020,ogoingri@gravatar.com,Polygender,840 Esch Lane
Alejoa,Saphin,11/2/2020,asaphinrj@gizmodo.com,Female,7936 Vermont Park
Keefer,Bareford,2/7/2020,kbarefordrk@mlb.com,Polygender,294 Dovetail Trail
Kellen,Chattock,3/11/2020,kchattockrl@gnu.org,Male,907 Manley Way
Emelen,Merman,5/10/2020,emermanrm@nymag.com,Non-binary,610 Toban Crossing
Eve,Joseland,11/21/2020,ejoselandrn@webeden.co.uk,Non-binary,9746 Monica Parkway
Ethan,Esselen,9/6/2020,eesselenro@state.gov,Bigender,15 Fisk Lane
Cyrus,Mullinger,11/2/2020,cmullingerrp@webeden.co.uk,Non-binary,4425 Morrow Circle
Natalya,Tipens,1/16/2021,ntipensrq@spiegel.de,Genderfluid,41163 Straubel Drive
Gert,Skatcher,6/24/2020,gskatcherrr@jalbum.net,Bigender,5073 Artisan Center
